Egridir,Polygon,1,0.04706308102085,Polygon,1,0.053792176809376
Beysehir,Polygon,1,0.066681345084672,Polygon,1,0.070826667902375
Engozero,Polygon,1,0.084530297911369,Polygon,1,0.12573549680631
Pjrvi,Polygon,3,0.21879562362393,Polygon,1,0.45113669683392
"Ozero Pitlyarskiy Sor",Polygon,1,0.010979971728461,Polygon,1,0.012454567374274
"Great Bear Lake",Polygon,4,6.1000049789263,Polygon,1,9.8989484267542
"Great Slave Lake",Polygon,12,4.4260289346335,Polygon,1,6.4261432790147
"McLeod Bay",Polygon,1,0.34225126699091,Polygon,1,0.42141982914612
"Lake Winnipeg",Polygon,6,3.288945680138,Polygon,1,4.3439468429669
"Lake Erie",Polygon,4,2.8035913045856,Polygon,1,3.126511157762
"Lake Ontario",Polygon,8,2.1723191824098,Polygon,1,2.5497386667429
"Lake St. Clair",Polygon,1,0.12563268730532,Polygon,1,0.15102101570984
"Lake Okeechobee",Polygon,1,0.14399926699929,Polygon,1,0.15048388375498
"Lago de Nicaragua",Polygon,3,0.64818458087825,Polygon,1,0.67819217338708
,MultiPolygon,2,0.21371778095807,Polygon,1,0.38980607394147
"Wollaston Lake",Polygon,2,0.36875748855538,Polygon,1,0.59956361215495
"Reindeer Lake",Polygon,3,1.0010748075807,Polygon,1,1.6640215798042
"Lake of the Woods",Polygon,3,0.54198743394454,Polygon,1,0.98711022308268
"Lake Nipigon",Polygon,6,0.56763869925999,Polygon,1,0.73748144681229
"Lake Manitoba",Polygon,1,0.61845388728226,Polygon,1,0.93569549186501
"Lake Winnipegosis",Polygon,2,0.71057136680065,Polygon,1,1.1556209468638
"Lake Athabasca",Polygon,1,1.2701857989838,Polygon,1,1.5511827560092
"Lake Mistassini",Polygon,3,0.36167814233859,Polygon,1,0.70846792305369
"Oneida Lake",Polygon,1,0.021879813648088,Polygon,1,0.026372913404694
"Iliamna Lake",Polygon,1,0.42746644839404,Polygon,1,0.53261546234997
,Polygon,1,0.176031499265,Polygon,1,0.22348255320184
"Lake Tahoe",Polygon,1,0.050546918881273,Polygon,1,0.051632331309662
"Lake Winnebago",Polygon,1,0.056306668603134,Polygon,1,0.062642578772641
"Nettilling Lake",Polygon,1,1.0991314244789,Polygon,1,1.3953329143512
"Dubawnt Lake",Polygon,1,0.68527486922762,Polygon,1,0.93188356535932
"Baker Lake",Polygon,3,0.33614723420558,Polygon,1,0.39869025176609
"Lake Champlain",Polygon,2,0.1416302927808,Polygon,1,0.26549329517232
"Churchill Lake",Polygon,2,0.3669028268325,Polygon,1,0.88143425322343
"Lac la Martre",Polygon,2,0.31079077466694,Polygon,1,0.36995594451148
"Keuka Lake",Polygon,1,0.0072465811787305,Polygon,1,0.0080161160196401
"Seneca Lake",Polygon,1,0.017679031707348,Polygon,1,0.017785142623345
"Cayuga Lake",Polygon,1,0.015781499778556,Polygon,1,0.034590307301382
"Cree Lake",Polygon,2,0.22206331246232,Polygon,1,0.30319913507153
,Polygon,1,0.11544981112857,Polygon,1,0.13944066036977
"Kasba Lake",Polygon,1,0.23747897493037,Polygon,1,0.36642275429739
,Polygon,1,0.022034635963233,Polygon,1,0.026017885165323
Lac-à-l'Eau-Claire,Polygon,1,0.19470915331821,Polygon,1,0.22770125738509
"Lake Nipissing",Polygon,1,0.10620085123145,Polygon,1,0.16225074809231
,Polygon,1,0.11924738784309,Polygon,1,0.14542872437636
,Polygon,1,0.060258461081123,Polygon,1,0.072587536067396
,Polygon,1,0.041308227037515,Polygon,1,0.048252245226064
,Polygon,1,0.10123453608868,Polygon,1,0.13632641159788
"Lake Sakami",Polygon,3,0.088820459573988,Polygon,1,0.17891121131051
,Polygon,1,0.001620012874738,Polygon,1,0.0037820334525936
"Scott Lake",Polygon,1,0.11469601903397,Polygon,1,0.19600787589259
,Polygon,1,0.18039140353902,Polygon,1,0.31797911045451
,Polygon,1,0.054885431377448,Polygon,1,0.073611252637637
,Polygon,1,2.772807659013E-6,Polygon,1,8.2052530998683E-5
,Polygon,1,8.6650239344418E-8,Polygon,1,0.00056970758280657
"Yellowstone Lake",Polygon,1,0.037274810034061,Polygon,1,0.047022519266136
"Teshekpuk Lake",Polygon,1,0.21044611487374,Polygon,1,0.22634013672156
"Flathead Lake",Polygon,1,0.054518684239435,Polygon,1,0.06972857521561
"Lake Clare",Polygon,1,0.22819925419829,Polygon,1,0.27420784535369
"Lago de Izabal",Polygon,1,0.061547123440621,Polygon,1,0.08426013552327
"Lago de Chapala",Polygon,1,0.088950673221159,Polygon,1,0.10977856933538
"Lago de Managua",Polygon,1,0.0862565656421,Polygon,1,0.09865303143149
"Rainy Lake",Polygon,1,0.14224085202976,Polygon,1,0.30190023719415
"Split Lake",Polygon,1,0.061299607031945,Polygon,1,0.086285624348621
"Lake St. Joseph",Polygon,1,0.083030663881637,Polygon,1,0.13917418335566
"Amadjuak Lake",Polygon,1,0.59368755919866,Polygon,1,0.87742943056055
"Teslin Lake",Polygon,1,0.062711139430824,Polygon,1,0.10582771430042
"Lake Bienville",Polygon,1,0.18420924557826,Polygon,1,0.23948614294003
"Lake Pend Oreille",Polygon,1,0.042813644970719,Polygon,1,0.072537503818962
"Canandaigua Lake",Polygon,1,0.0056011364587453,Polygon,1,0.0074560206709285
"Owasco Lake",Polygon,1,0.0029167986941701,Polygon,1,0.0045595762084731
"Skaneateles Lake",Polygon,1,0.0049641055616624,Polygon,1,0.0073186838180864
,Polygon,1,0.07025298130011,Polygon,1,0.12275799843372
"Bear Lake",Polygon,1,0.029261764163229,Polygon,1,0.034629675637441
"Utah Lake",Polygon,1,0.03308057018639,Polygon,1,0.038044673227527
,Polygon,1,0.06217395127202,Polygon,1,0.070381396951336
"Leech Lake",Polygon,1,0.047799456417338,Polygon,1,0.063893150266864
"Lac des Mille Lacs",Polygon,1,0.036701640363373,Polygon,1,0.057799988074118
"Trout Lake",Polygon,1,0.083802522551139,Polygon,1,0.11707209085615
"Lake Rossignol",Polygon,1,0.019027786007827,Polygon,1,0.024369570652105
"Grand Lake",Polygon,1,0.020526705173083,Polygon,1,0.02424817756441
"Black Lake",Polygon,1,0.093555635203307,Polygon,1,0.11824439871563
"Lake Louise",Polygon,1,0.022061865800946,Polygon,1,0.027493312239266
"Bluenose Lake",Polygon,1,0.11151654013924,Polygon,1,0.15739417566807
"Grand Lake",Polygon,2,0.059766374371905,Polygon,1,0.13490815448904
,Polygon,1,0.079149902937347,Polygon,1,0.12883593275401
"Colville Lake",Polygon,1,0.086172514909935,Polygon,1,0.090872705514951
"Hottah Lake",Polygon,2,0.17772956234282,Polygon,1,0.23772844376471
"Big Trout Lake",Polygon,1,0.092048332627396,Polygon,1,0.11063704303988
"Trout Lake",Polygon,1,0.066634727255906,Polygon,1,0.067332136585596
"Island Lake",Polygon,1,0.15426446090342,Polygon,1,0.19798097990507
"Lake Naococane",Polygon,2,0.08754011563747,Polygon,1,0.17050527149036
"Lac la Ronge",Polygon,1,0.20357667886175,Polygon,1,0.25252577723921
"Mille Lacs Lake",Polygon,1,0.05708301142252,Polygon,1,0.058255689706333
"Lower Red Lake",Polygon,1,0.077333085706503,Polygon,1,0.081334223962211
"Upper Red Lake",Polygon,1,0.057516500907389,Polygon,1,0.066775835573927
"Lake Winnepesaukee",Polygon,1,0.022346793450462,Polygon,1,0.024133201147519
"Lake Simcoe",Polygon,1,0.082773745921984,Polygon,1,0.12920385112999
"Gods Lake",Polygon,2,0.15399088443525,Polygon,1,0.24025911592409
"Yathkyed Lake",Polygon,1,0.26069270402545,Polygon,1,0.41408483493782
,Polygon,1,0.016061445039311,Polygon,1,0.022440988722365
,Polygon,1,0.030745411223808,Polygon,1,0.031013838704346
,Polygon,1,0.041836706847257,Polygon,1,0.044463604378509
,Polygon,1,0.028489168966696,Polygon,1,0.041194613442912
,Polygon,1,0.019650238002138,Polygon,1,0.023818294178235
,Polygon,1,0.013955345984423,Polygon,1,0.015769367675697
,Polygon,1,0.040569057170809,Polygon,1,0.058621974165248
,Polygon,1,0.015951680848623,Polygon,1,0.028261104981744
,Polygon,1,0.036459041355772,Polygon,1,0.086368752481068
"Aylmer Lake",Polygon,1,0.19811877524864,Polygon,1,0.34165771102937
"Clinton-Colden Lake",Polygon,1,0.15302276297365,Polygon,1,0.22400252612096
"Lac Île-à-la-Crosse",Polygon,1,0.079899492495335,Polygon,1,0.17772063667692
"Wholdaia Lake",Polygon,1,0.21056081812807,Polygon,1,0.48980017829746
"Tehek Lake",Polygon,1,0.099626112683453,Polygon,1,0.16504529158751
"Lake George",Polygon,1,0.019351467976888,Polygon,1,0.019754403840992
"Lake Havasu",Polygon,1,0.0075994859410091,Polygon,1,0.012420044107382
"Point Lake",Polygon,1,0.18560756381563,Polygon,1,0.49412693761786
"Upper Klamath Lake",Polygon,1,0.032962790848565,Polygon,1,0.041619538521555
"Chiputneticook Lakes",Polygon,1,0.02030841155762,Polygon,1,0.033894709325781
"Aishik Lake",Polygon,1,0.02936234342855,Polygon,1,0.047666868342086
,Polygon,1,0.089020773264784,Polygon,1,0.15116149273993
,Polygon,1,0.012697661085497,Polygon,1,0.013173040965091
"Lake Clark",Polygon,1,0.053218584048345,Polygon,1,0.10114499272055
,Polygon,1,0.047835048003148,Polygon,1,0.058035925825676
,Polygon,1,0.011721849415144,Polygon,1,0.014721652351588
,Polygon,1,0.017971627903047,Polygon,1,0.019830023807925
,Polygon,1,0.018517806024179,Polygon,1,0.024960347167284
,Polygon,1,0.010413864052278,Polygon,1,0.013859000247219
,Polygon,1,0.012458528087469,Polygon,1,0.021126390365859
,Polygon,1,0.015243163504083,Polygon,1,0.016885506882901
,Polygon,1,0.0049054650121889,Polygon,1,0.0050070633669257
,Polygon,1,0.007997947066623,Polygon,1,0.0080745661881851
,Polygon,1,0.021909166416665,Polygon,1,0.026805140351231
,Polygon,1,0.00347237836627,Polygon,1,0.0050161000115226
,Polygon,1,0.012473583566558,Polygon,1,0.018638465665928
,Polygon,1,0.018679625346148,Polygon,1,0.028306212408288
,Polygon,1,0.019006708337106,Polygon,1,0.03037014789679
,Polygon,1,0.055492697917315,Polygon,1,0.062677390644077
,Polygon,1,0.042546978859141,Polygon,1,0.053152729292933
,Polygon,1,0.045284519870674,Polygon,1,0.054912814765182
,Polygon,1,0.038743834866745,Polygon,1,0.045032991572204
,Polygon,1,0.070166244410525,Polygon,1,0.077128144720791
,Polygon,1,0.061642806967414,Polygon,1,0.063197445504305
,Polygon,1,0.020760877444904,Polygon,1,0.022396082420552
,Polygon,1,0.022833529507406,Polygon,1,0.040469912351675
,Polygon,1,0.026305626260402,Polygon,1,0.040748193453912
,Polygon,1,0.018500865902383,Polygon,1,0.030974112374361
,Polygon,1,0.01536479877756,Polygon,1,0.018214565033376
,Polygon,1,0.018529785419767,Polygon,1,0.019155591460975
,Polygon,1,0.039851658176734,Polygon,1,0.067429464366742
,Polygon,1,0.030476362230647,Polygon,1,0.035023772502065
,Polygon,1,0.024874900833502,Polygon,1,0.030268040271176
,Polygon,1,0.027346858861454,Polygon,1,0.099250070865494
,Polygon,1,0.013631274089286,Polygon,1,0.019342422160201
,Polygon,1,0.03062230289626,Polygon,1,0.052669111326239
"Canyon Ferry Lake",Polygon,1,0.016489908810298,Polygon,1,0.022072882860251
"Jackson Lake",Polygon,1,0.014384394644526,Polygon,1,0.018219159853309
"Cass Lake",Polygon,1,0.0080804164319193,Polygon,1,0.0097546844860951
"Lake Winnibigoshish",Polygon,1,0.025533139376666,Polygon,1,0.033884375182731
,Polygon,1,0.1023197436862,Polygon,1,0.13873196774979
,Polygon,2,0.034052092669896,Polygon,1,0.061685604083824
"Marmion Lake",Polygon,1,0.02786572049463,Polygon,1,0.032253472155324
"Lac du Bonnet",Polygon,1,0.015772249865509,Polygon,1,0.021284558365026
,Polygon,1,0.02641909474882,Polygon,1,0.031399530922062
,Polygon,1,0.032551180549129,Polygon,1,0.059508399955803
,Polygon,1,0.011642022882153,Polygon,1,0.015422645409727
,Polygon,1,0.027382168833984,Polygon,1,0.030467707667477
"Sandy Lake",Polygon,1,0.05903870732447,Polygon,1,0.10143562132082
,Polygon,1,0.019837575819597,Polygon,1,0.038216249115858
,Polygon,1,0.016917029502575,Polygon,1,0.039400828498143
,Polygon,1,0.064637764177468,Polygon,1,0.24429980128419
,Polygon,1,0.0035446663284418,Polygon,1,0.0060580181036818
,Polygon,1,0.0045555280206049,Polygon,1,0.0054612008991946
,Polygon,1,0.040648212164441,Polygon,1,0.08455442612402
,Polygon,1,0.027295301969043,Polygon,1,0.058089533337452
,Polygon,1,0.11260194269979,Polygon,1,0.18244556078903
,Polygon,1,0.051696875870142,Polygon,1,0.059152691898236
,Polygon,1,0.17549307634029,Polygon,1,0.36060302328405
"Kluane Lake",Polygon,1,0.05359250149367,Polygon,1,0.14563900369907
,Polygon,1,0.025514357937287,Polygon,1,0.028999604476235
"Lynx Lake",Polygon,1,0.18644499505376,Polygon,1,0.43010502594965
,Polygon,1,0.018730770649917,Polygon,1,0.024588497809429
,Polygon,1,0.10347429313775,Polygon,1,0.22561156083225
,Polygon,1,5.1990143604559E-7,Polygon,1,0.00033900527203735
,Polygon,1,0.00320122810481,Polygon,1,0.0052290052827201
,Polygon,1,0.006004471660323,Polygon,1,0.010305857727608
"Lake Traverse",Polygon,1,0.0072268465867214,Polygon,1,0.012502864206159
,Polygon,1,0.015906341110889,Polygon,1,0.01638338699273
,Polygon,1,0.020151574624412,Polygon,1,0.025464009342734
"Washburn Lake",Polygon,1,0.060367098818698,Polygon,1,0.063505936693913
"Takijuq Lake",Polygon,1,0.21544399236619,Polygon,1,0.30455598020385
"Sebago Lake",Polygon,1,0.012486819390617,Polygon,1,0.014089827422835
"Moosehead Lake",Polygon,1,0.039529882512934,Polygon,1,0.058606378498441
"Lake Kissimmee",Polygon,1,0.014290010871322,Polygon,1,0.015287423181481
,Polygon,1,0.0030761484843203,Polygon,1,0.0055312962577488
,Polygon,1,0.10510528893032,Polygon,1,0.1868314812471
,Polygon,1,0.038814996375804,Polygon,1,0.043470251811985
,Polygon,1,0.06907819901767,Polygon,1,0.073290687335628
,Polygon,1,0.10724827932461,Polygon,1,0.25347110805672
,Polygon,1,0.082877617896398,Polygon,1,0.18963704770875
,Polygon,1,0.10932428908389,Polygon,1,0.17107195923008
,Polygon,1,0.080047837705086,Polygon,1,0.13668778879034
,Polygon,1,0.045034187329218,Polygon,1,0.05625260831913
,Polygon,1,0.062577308136158,Polygon,1,0.071786447789895
,Polygon,1,0.037781562296288,Polygon,1,0.059020052704395
,Polygon,1,0.056955613908127,Polygon,1,0.16445854937633
,Polygon,2,0.088213106383882,Polygon,1,0.20405666108938
,Polygon,1,0.05914281758704,Polygon,1,0.1429155534851
,Polygon,1,0.048991005521089,Polygon,1,0.051973990984218
,Polygon,1,0.050267471859393,Polygon,1,0.13989443658128
,Polygon,1,0.089549318062216,Polygon,1,0.29134515774788
,Polygon,1,0.058396152474628,Polygon,1,0.081897199067724
,Polygon,1,0.063104704817911,Polygon,1,0.074633537524983
,Polygon,1,0.073434843076426,Polygon,1,0.11569984900753
,Polygon,1,0.026872253838015,Polygon,1,0.039316870250761
,Polygon,1,0.049706541535016,Polygon,1,0.075599217015885
,Polygon,2,0.041243131045207,Polygon,1,0.063284458219659
,MultiPolygon,2,4.3325119657568E-8,Polygon,1,0.00023083151505139
,Polygon,1,0.061981891016523,Polygon,1,0.068280569998806
,Polygon,2,0.045351890431766,Polygon,1,0.070943646355391
,Polygon,1,0.054339188268634,Polygon,1,0.074292998914211
,Polygon,1,0.024974591933866,Polygon,1,0.037739117673313
,Polygon,1,0.071907350994743,Polygon,1,0.14003574373468
,Polygon,1,0.034800815725487,Polygon,1,0.039078777684894
,Polygon,1,0.014695598979126,Polygon,1,0.017753079845881
,Polygon,1,0.036562133478035,Polygon,1,0.047826523628992
,Polygon,1,0.073207234560228,Polygon,1,0.20872673285319
,Polygon,1,0.15341104269613,Polygon,1,0.33048272923593
"Keller Lake",Polygon,1,0.071343842825748,Polygon,1,0.074220008249116
,Polygon,1,0.22037868017159,Polygon,1,0.39410640134159
,Polygon,1,0.09586934823166,Polygon,1,0.12831593374628
"Tathlina Lake",Polygon,1,0.099181401992593,Polygon,1,0.10767739572283
"Selwyn Lake",Polygon,1,0.10876173406752,Polygon,1,0.2141595293286
,Polygon,1,0.092974883636682,Polygon,1,0.099337308427547
,Polygon,1,0.10556570497707,Polygon,1,0.22824921281151
,Polygon,1,0.086690943291921,Polygon,1,0.11603149645348
,Polygon,1,0.12866600890885,Polygon,1,0.2201384005456
"Nonacho Lake",Polygon,1,0.16112631501947,Polygon,1,0.46961915054767
,Polygon,1,0.14128143891721,Polygon,1,0.24313850321476
,Polygon,1,0.12448740942938,Polygon,1,0.30526359620847
,Polygon,1,0.024974007044751,Polygon,1,0.034466971400296
,Polygon,2,0.068159403204808,Polygon,1,0.11309230423589
,Polygon,1,0.013559917617187,Polygon,1,0.013823889003951
,Polygon,1,0.02073239117872,Polygon,1,0.030111900626121
,Polygon,1,0.017237808688619,Polygon,1,0.022001202723219
,Polygon,1,0.023472401722074,Polygon,1,0.023707413335243
,Polygon,1,0.017686028714176,Polygon,1,0.022725881877942
"Aberdeen Lake",Polygon,1,0.34556618020973,Polygon,1,0.69267690762043
,Polygon,1,0.10454013440677,Polygon,1,0.16460885763893
,Polygon,1,0.11033898504914,Polygon,1,0.15815954995602
,Polygon,1,0.076432659744383,Polygon,1,0.14487589890838
,Polygon,1,0.10008657205532,Polygon,1,0.12402129276778
,Polygon,1,0.026001635558227,Polygon,1,0.037722315524283
,Polygon,1,0.010738975750291,Polygon,1,0.012844836909654
,Polygon,1,0.0543201685411,Polygon,1,0.086096058509414
,Polygon,1,0.034398541989342,Polygon,1,0.034804786015818
,Polygon,1,0.0402058626926,Polygon,1,0.044971533955692
,Polygon,1,0.056205721074304,Polygon,1,0.065279482166131
,MultiPolygon,3,0.068118580488188,Polygon,1,0.3014734572387
,Polygon,1,0.046319188716098,Polygon,1,0.069041270971929
,Polygon,1,0.037228213867856,Polygon,1,0.04524026615787
"Long Lake",Polygon,1,0.019572816013285,Polygon,1,0.030658456929489
,Polygon,1,0.0060462587382458,Polygon,1,0.009314932006334
,Polygon,1,0.0026437854525625,Polygon,1,0.0044621502623632
,Polygon,1,0.0020473935177319,Polygon,1,0.0036468149921006
,Polygon,1,0.0095811335896425,Polygon,1,0.011833673468398
,Polygon,1,0.0075894128506876,Polygon,1,0.010987183695586
,Polygon,1,0.01643945670844,Polygon,1,0.030435072145158
,Polygon,1,0.0036974956880818,Polygon,1,0.0056696058234614
,Polygon,1,0.0033166245610535,Polygon,1,0.0055819055541105
,Polygon,1,0.0052458704774435,Polygon,1,0.006363836265438
,Polygon,1,0.0051999675131528,Polygon,1,0.0057425479984288
,Polygon,1,0.010606747485053,Polygon,1,0.016493772576152
,Polygon,1,0.012310767766834,Polygon,1,0.012422414807445
,Polygon,1,0.027346858861454,Polygon,1,0.099250070865494
,Polygon,1,0.013631274089286,Polygon,1,0.019342422160201
,Polygon,1,0.03062230289626,Polygon,1,0.052669111326239
,Polygon,1,0.0014292307102672,Polygon,1,0.0034333989709021
,Polygon,1,0.038775592179466,Polygon,1,0.060061599517085
,Polygon,1,0.021028734997267,Polygon,1,0.026614114933064
"Sturgeon Lake",Polygon,1,0.02162688159945,Polygon,1,0.026652280690093
,Polygon,1,0.0070068849541506,Polygon,1,0.0088305897551255
,Polygon,1,0.0071844746196812,Polygon,1,0.0083767078090115
"Minnitaki Lake",Polygon,1,0.036391627469565,Polygon,1,0.059637609171595
"Contwoyto Lake",Polygon,1,0.28449392174328,Polygon,1,0.90632841994354
,Polygon,2,0.10013457628791,Polygon,1,0.16281989792351
,Polygon,1,0.10172272353713,Polygon,1,0.12973305945249
,Polygon,1,0.09244456250935,Polygon,1,0.12644069613917
,Polygon,1,0.12954416575946,Polygon,1,0.28396934259293
,Polygon,1,0.015898109338152,Polygon,1,0.01838988123583
,Polygon,1,0.031465691338332,Polygon,1,0.041338023711015
"Nueltin Lake",Polygon,2,0.38669426139966,Polygon,1,0.98796513174765
,Polygon,1,0.0044322680551418,Polygon,1,0.0065006593262463
,Polygon,1,0.10737229747967,Polygon,1,0.13057801684
,Polygon,1,0.037449236965852,Polygon,1,0.04453348422569
,Polygon,1,0.10171260712169,Polygon,1,0.79259117205859
,Polygon,1,0.0032197712560291,Polygon,1,0.0060248987938337
,Polygon,1,0.023203656004754,Polygon,1,0.028139039709291
,Polygon,1,0.020268010883526,Polygon,1,0.024881256283226
"Lesser Slave Lake",Polygon,1,0.16962839317859,Polygon,1,0.23807820739631
"Lake Payne",Polygon,1,0.086527347640051,Polygon,1,0.16870340466402
,Polygon,1,0.0064759572751422,Polygon,1,0.0066727652227678
,Polygon,1,0.002891756775,Polygon,1,0.0030453256163455
"Lac Minto",Polygon,1,0.11448513401397,Polygon,1,0.31046432324884
"Hebgen Lake",Polygon,1,0.0064495289521426,Polygon,1,0.010363096158623
"Lake Walcott",Polygon,1,0.0037780587481101,Polygon,1,0.0066804922875424
"Lake Granby",Polygon,1,0.0028755748428035,Polygon,1,0.0049448658474315
"Garry Lake",Polygon,1,0.27084971510576,Polygon,1,0.68367404482569
,Polygon,1,0.016574219493175,Polygon,1,0.027628911592658
,Polygon,1,0.016468397888378,Polygon,1,0.016492182113105
,Polygon,1,0.014515409806415,Polygon,1,0.022228688911587
,Polygon,1,0.0081129535967925,Polygon,1,0.013453547546397
,Polygon,1,0.0063222830756658,Polygon,1,0.0066586517685914
"Lake Minchumina",Polygon,1,0.012212203119582,Polygon,1,0.013213506310328
"Travaillant Lake",Polygon,1,0.023351437987951,Polygon,1,0.027436861702979
"Lac Chavigny",Polygon,1,0.063675621582382,Polygon,1,0.12683042751291
,Polygon,1,0.0095527556362575,Polygon,1,0.0098658064016455
,Polygon,1,0.0016609117877076,Polygon,1,0.0025839659876385
,Polygon,1,0.0075852536391986,Polygon,1,0.010710332002793
,Polygon,1,0.002515781386495,Polygon,1,0.0043635959230767
"Presa Miguel Hidalgo",Polygon,1,0.0072288612047859,Polygon,1,0.0091633571997536
,Polygon,1,0.0032882682702294,Polygon,1,0.0056860433297322
"Lake Apopka",Polygon,1,0.010446097941316,Polygon,1,0.01275677326155
"Lake Istokpoga",Polygon,1,0.0098584360180964,Polygon,1,0.012246495485148
,Polygon,1,0.0067766552682207,Polygon,1,0.0070736760264229
,Polygon,1,0.0055818351179325,Polygon,1,0.0087561050462815
"Laguna de Pueblo Viejo",Polygon,1,0.0074731282294895,Polygon,1,0.01023660549932
"Laguna Chil",Polygon,1,0.0070536544208356,Polygon,1,0.0099927310252711
,Polygon,1,0.03980439047117,Polygon,1,0.086198209991317
,Polygon,1,0.025496551313104,Polygon,1,0.026091035127241
,Polygon,1,0.044072737936037,Polygon,1,0.047696111001317
,Polygon,1,0.032223209393221,Polygon,1,0.039529270102841
,Polygon,1,0.024074144309184,Polygon,1,0.036213283404319
,Polygon,1,0.025886434065018,Polygon,1,0.033782532711051
,Polygon,1,0.027795295512607,Polygon,1,0.031313137690266
,Polygon,1,0.036869460214421,Polygon,1,0.045358376426555
,Polygon,1,0.022242553212533,Polygon,1,0.023318334551126
"Zeta Lake",Polygon,1,0.081898231903679,Polygon,1,0.2043672971334
,Polygon,1,0.037224531232683,Polygon,1,0.044234783789474
,Polygon,1,0.037457165462752,Polygon,1,0.044628905541768
,Polygon,1,0.027876920038065,Polygon,1,0.05717734113478
,Polygon,1,0.048316065144298,Polygon,1,0.049943393888684
,Polygon,1,0.029523664511639,Polygon,1,0.046696636558143
,Polygon,1,0.021450353399345,Polygon,1,0.023800429370526
,Polygon,1,0.01582224705361,Polygon,1,0.018144657642013
,Polygon,1,0.020669851368479,Polygon,1,0.028832208207574
,Polygon,1,0.036195559640492,Polygon,1,0.044296054985992
,Polygon,1,0.019384091791999,Polygon,1,0.027147596153126
,Polygon,1,0.040782281747264,Polygon,1,0.065996713020357
,Polygon,1,0.026244516179103,Polygon,1,0.031225280217108
,Polygon,1,0.0096135191165975,Polygon,1,0.012600013838762
,Polygon,1,0.010749590404609,Polygon,1,0.013706804863112
,Polygon,1,0.0038482454419771,Polygon,1,0.0067570396444185
,Polygon,1,0.008165138703434,Polygon,1,0.011216330137107
,Polygon,1,0.0078274627207212,Polygon,1,0.010552184461327
,Polygon,1,0.010543514472894,Polygon,1,0.010954263739762
,Polygon,1,0.0059426033894345,Polygon,1,0.0074212164456671
,Polygon,1,0.0043808194755323,Polygon,1,0.0049226784497486
,Polygon,1,0.0060830201022858,Polygon,1,0.006220097352564
,Polygon,1,0.0052893688975928,Polygon,1,0.0071612238647158
,Polygon,1,0.0086075315003941,Polygon,1,0.010941947936613
,Polygon,1,0.019262911432279,Polygon,1,0.025341741088656
,Polygon,1,0.011071647681683,Polygon,1,0.016533629883064
,Polygon,1,0.016871884727878,Polygon,1,0.022211791783585
"Tetlin Lake",Polygon,1,0.011658638065545,Polygon,1,0.015588043364219
,Polygon,1,0.027223967159505,Polygon,1,0.031844721084375
,Polygon,1,0.035659216321529,Polygon,1,0.042954210908476
,Polygon,1,0.019736238364686,Polygon,1,0.023369128928541
,Polygon,1,0.0072415121397301,Polygon,1,0.010139876065337
,Polygon,1,0.014248613719479,Polygon,1,0.017322195713032
,Polygon,1,0.03393158384953,Polygon,1,0.033967972241102
,Polygon,1,0.029060367344437,Polygon,1,0.042186514917724
,Polygon,1,0.01232837942798,Polygon,1,0.012391863715253
,Polygon,1,0.011371110908849,Polygon,1,0.013623278228661
,Polygon,1,0.010659452493135,Polygon,1,0.011835804601033
,Polygon,1,0.027803657260699,Polygon,1,0.040218234813904
,Polygon,1,0.021369032149726,Polygon,1,0.022211906590097
,Polygon,1,0.033711232290877,Polygon,1,0.039764128287095
,Polygon,1,0.032559477309547,Polygon,1,0.055504748624944
,Polygon,1,0.068307315163365,Polygon,1,0.10630325797545
,Polygon,1,0.045008040619489,Polygon,1,0.04810147191095
,Polygon,1,0.030221177275782,Polygon,1,0.047001534688111
,Polygon,1,0.025422768634302,Polygon,1,0.027954105661944
,Polygon,1,0.066293000374503,Polygon,1,0.13470626177995
,Polygon,1,0.074474169372208,Polygon,1,0.082194637683434
,Polygon,1,0.081195780075888,Polygon,1,0.16870430406788
,Polygon,1,0.052574686119797,Polygon,1,0.055846266907912
,Polygon,1,0.055795692141736,Polygon,1,0.058981432494159
,Polygon,1,0.063649344897295,Polygon,1,0.073356168625719
,Polygon,1,0.021239901630549,Polygon,1,0.027903772104648
,Polygon,1,0.035412588077798,Polygon,1,0.057334802909112
,Polygon,1,0.030810550541228,Polygon,1,0.035557530436193
,Polygon,1,0.018802885311613,Polygon,1,0.02348830275664
,Polygon,1,0.023403211505955,Polygon,1,0.031815806821611
,Polygon,1,0.027714754115141,Polygon,1,0.053409469478989
,Polygon,1,6.0655167537955E-7,Polygon,1,0.00025027163057206
,Polygon,1,0.026785040372116,Polygon,1,0.038560865989913
,Polygon,1,0.015813300416397,Polygon,1,0.020952224591703
,Polygon,1,0.02912535502395,Polygon,1,0.034896469998332
,Polygon,1,0.048728325320521,Polygon,1,0.067477317528864
,Polygon,1,0.032725802443963,Polygon,1,0.043294156025169
,Polygon,1,0.05696594694916,Polygon,1,0.07670474321147
,Polygon,1,0.019838182371271,Polygon,1,0.024504609635021
,Polygon,1,0.026038700198104,Polygon,1,0.029698272751344
,Polygon,1,0.036861986631274,Polygon,1,0.043348023500324
,Polygon,1,0.024001011507179,Polygon,1,0.030916926967566
,Polygon,1,0.021930374062742,Polygon,1,0.023479817775163
,Polygon,1,0.020538337967713,Polygon,1,0.02159156306909
,Polygon,1,0.024906398195507,Polygon,1,0.028534829801063
,Polygon,1,0.075919148763483,Polygon,1,0.15876570385976
,Polygon,1,0.097636493212799,Polygon,1,0.17671183491549
,Polygon,1,0.091331236909164,Polygon,1,0.10790900597609
,Polygon,1,0.070994339085359,Polygon,1,0.20884714881964
,Polygon,1,0.042100296875322,Polygon,1,0.067577679884186
,Polygon,1,0.017724371445083,Polygon,1,0.020381299849557
,Polygon,1,0.0079311613946504,Polygon,1,0.0079431199964437
,Polygon,1,0.084094165594198,Polygon,1,0.1959886001277
,Polygon,1,0.054315337790257,Polygon,1,0.062813952241851
,Polygon,1,0.045023810963058,Polygon,1,0.055135110492622
,Polygon,1,0.066746116138579,Polygon,1,0.072040763260292
,Polygon,1,0.033433908199868,Polygon,1,0.035974151024102
,Polygon,1,0.016748104860976,Polygon,1,0.02084570892944
,Polygon,1,0.023292949076397,Polygon,1,0.03091420551606
,Polygon,1,0.024378589925113,Polygon,1,0.029352134749482
"North Caribou Lake",Polygon,1,0.048716280937254,Polygon,1,0.054956520217033
,Polygon,1,0.018324121076694,Polygon,1,0.02651873037179
,Polygon,1,0.023663335524465,Polygon,1,0.050617715429036
,Polygon,1,0.010492044230724,Polygon,1,0.01476058959581
,Polygon,1,0.014121757769081,Polygon,1,0.020567521036201
,Polygon,1,0.009128970978195,Polygon,1,0.0092293982629881
,Polygon,1,0.015301110851646,Polygon,1,0.022352548514052
,Polygon,1,0.017615062168155,Polygon,1,0.027468532629472
,Polygon,1,0.023895839779178,Polygon,1,0.036984337832387
,Polygon,1,0.0071208733440047,Polygon,1,0.0072035302575569
,Polygon,1,0.007567793615971,Polygon,1,0.012239126730098
,Polygon,1,0.008135006082704,Polygon,1,0.010786732426048
,Polygon,1,0.0083685068151695,Polygon,1,0.01022578629893
"Lake Pltipi",Polygon,1,0.051137201974232,Polygon,1,0.10920907725448
,Polygon,2,0.020683152180215,Polygon,1,0.021723171701423
,Polygon,1,0.024991662031017,Polygon,1,0.050906738652839
,Polygon,1,0.0012609776080243,Polygon,1,0.0023337906691718
,Polygon,1,0.012004025919563,Polygon,1,0.013661293217897
,Polygon,1,0.013100887974275,Polygon,1,0.02490773345987
,Polygon,1,0.016533038966928,Polygon,1,0.019253202556379
,Polygon,1,0.01168578125302,Polygon,1,0.012502182322425
,Polygon,1,0.01123108412207,Polygon,1,0.015499975468544
,Polygon,1,0.011072752472234,Polygon,1,0.014157467440219
,Polygon,1,0.013601553057192,Polygon,1,0.015179995202966
,Polygon,2,0.032522044406155,Polygon,1,0.035222165936323
,Polygon,2,0.029811451619058,Polygon,1,0.079686482542003
,Polygon,1,0.011839823716009,Polygon,1,0.015852802775739
,Polygon,1,0.04656404062992,Polygon,1,0.088190299672424
,Polygon,1,0.063742103978511,Polygon,1,0.11819371341157
,Polygon,1,0.070568713109714,Polygon,1,0.096868744432872
,Polygon,1,0.012625741386845,Polygon,1,0.018041431987915
,Polygon,1,0.063871949362163,Polygon,1,0.12793510501964
,Polygon,1,0.054399431847537,Polygon,1,0.08661051918613
,Polygon,1,0.049977193557601,Polygon,1,0.053189158296889
,Polygon,1,0.036050788753116,Polygon,1,0.040642882856985
,Polygon,2,0.033446515809691,Polygon,1,0.052110064842966
,Polygon,2,0.024321834018343,Polygon,1,0.045430345530832
,Polygon,1,0.019230179304368,Polygon,1,0.039283492199072
"Lake Kipawa",Polygon,1,0.049541191215789,Polygon,1,0.098906188403942
"Big Rideau Lake",Polygon,1,0.019390460584591,Polygon,1,0.032156734520391
"Chesuncook Lake",Polygon,1,0.019300149372635,Polygon,1,0.03421981924097
,Polygon,2,0.061967420426546,Polygon,1,0.11904822716304
"Lake Superior",Polygon,17,9.8341929491456,Polygon,1,11.246626699912
"Lake Michigan",Polygon,8,6.4602674296546,Polygon,1,7.5964607546913
"Lake Huron",Polygon,15,6.8361984315744,Polygon,1,9.1817443286778
"Whitefish Bay",MultiPolygon,2,0.22887105350391,Polygon,1,0.27642643683651
"Saginaw Bay",Polygon,1,0.3212379773988,Polygon,1,0.35387470607962
"North Channel",Polygon,3,0.42867671394949,Polygon,1,0.58475040696357
"Georgian Bay",Polygon,3,1.5840167189606,Polygon,1,1.9883658071788
"Lake Ladoga",MultiPolygon,2,2.9164602816605,Polygon,1,3.2678907233421
"Lake Balkhash",Polygon,1,2.0540607337483,Polygon,1,2.6688309980599
"Lake Baikal",Polygon,2,4.2645696444068,Polygon,1,4.9493418475712
"Lake Albert",Polygon,1,0.43729763291186,Polygon,1,0.47654689728798
"Lake Malawi",Polygon,2,2.3941523647429,Polygon,1,2.7900512922951
"Lake Tanganyika",Polygon,1,2.6770976605022,Polygon,1,3.2636438034192
"Lake Victoria",Polygon,22,5.4471560373269,Polygon,1,7.1462485625292
"Lake Chad",Polygon,1,0.10736423900741,Polygon,1,0.11855558517118
Vänern,Polygon,4,0.89624530469963,Polygon,1,1.1929887194395
"Lake Onega",Polygon,4,1.6920084790014,Polygon,1,3.0488820770783
"Lake Tana",Polygon,1,0.26076202421693,Polygon,1,0.27335772977388
"Lago Titicaca",Polygon,1,0.68404608218352,Polygon,1,0.971018635151
"Lake Saimaa",Polygon,10,1.605111936354,Polygon,1,4.2691763490384
,Polygon,1,0.022123972359994,Polygon,1,0.027446824740797
"Lago Buenos Aires",Polygon,1,0.22279360067949,Polygon,1,0.45460960296649
"Lago Llanquihue",Polygon,1,0.091672942128009,Polygon,1,0.10184099966134
"Hongze Hu",Polygon,1,0.22738482859871,Polygon,1,0.45571806202661
"Khövsgöl Nuur",Polygon,1,0.35584437164976,Polygon,1,0.421798801288
Pijnne,Polygon,1,0.72614694228541,Polygon,1,2.7528933022124
"Lac Moeru",Polygon,1,0.41406328105982,Polygon,1,0.4530377434819
"Lake Khanka",Polygon,1,0.46160839736212,Polygon,1,0.46272677163434
"Tonle Sap",Polygon,1,0.21138282562359,Polygon,1,0.28316110709988
"Pskoyskoye Ozero",Polygon,1,0.12610824548139,Polygon,1,0.15364628358052
"Ozero Yarroto Vtoroye",Polygon,1,0.039783854364449,Polygon,1,0.040227960501019
"Lake Srednye Kuyto",Polygon,1,0.11801658618092,Polygon,1,0.27063278827062
"Lake Chany",Polygon,1,0.28541042132479,Polygon,1,0.38265462878516
"Hulun Nuur",Polygon,1,0.28917121501271,Polygon,1,0.38946103026722
"Lake Bangweulu",Polygon,1,0.17517476668606,Polygon,1,0.18807186382133
Inarijrvi,Polygon,1,0.36314240140811,Polygon,1,0.63739453981265
"Lake Peipus",Polygon,2,0.42848569349685,Polygon,1,0.45511291603179
"Lake Kivu",Polygon,2,0.19546418017871,Polygon,1,0.25713470152958
"Lake Edward",Polygon,1,0.17952053613979,Polygon,1,0.18266300263926
"Tai Hu",Polygon,1,0.23727642999591,Polygon,1,0.26959375579542
"Lago Argentino",Polygon,1,0.18335665054825,Polygon,1,0.40436991287399
"Nam Co",Polygon,1,0.17689473061188,Polygon,1,0.20149262672633
,Polygon,1,0.026203292327737,Polygon,1,0.048783724573462
,Polygon,1,0.031629070364614,Polygon,1,0.034476118706971
,Polygon,1,1.0398028721414E-6,Polygon,1,0.00022758919595649
"Ozero Nerpich'ye",Polygon,1,0.050385424497691,Polygon,1,0.070045868859176
,Polygon,1,8.2317727374059E-7,Polygon,1,4.0281511705296E-5
,Polygon,1,1.7763299064748E-6,Polygon,1,0.00027998231104661
"Ozero Yarroto Pervoye",Polygon,1,0.054857053424058,Polygon,1,0.057236060587908
"Ozero Neyto",Polygon,1,0.041396371993483,Polygon,1,0.041519452380159
"Ozero Yambuto",Polygon,1,0.034864980227715,Polygon,1,0.039263393388917
,Polygon,1,0.032289475163758,Polygon,1,0.036033520610774
,Polygon,1,2.9201130658224E-5,Polygon,1,5.5288657139902E-5
"Lake Vygozero",Polygon,3,0.24323753321144,Polygon,1,0.57199383608614
"Lake Vygozero",Polygon,1,1.8629801457439E-6,Polygon,1,0.00010091565774471
"Lake Segozerskoye",Polygon,1,0.15553419018561,Polygon,1,0.20828164254505
Pielinen,Polygon,1,0.20716542849945,Polygon,1,0.39338217216249
"Lake Topozero",Polygon,4,0.20296579467439,Polygon,1,0.2726517318354
,Polygon,1,2.9894332573176E-6,Polygon,1,0.00024486026352191
"Bosten Hu",Polygon,1,0.10906622300857,Polygon,1,0.14216521606927
,Polygon,1,8.2317727375063E-6,Polygon,1,6.0154617881333E-5
,Polygon,1,4.5058124457627E-6,Polygon,1,0.00025933528993535
,Polygon,1,0.028861418394912,Polygon,1,0.033163324497725
,Polygon,1,0.00029915995132821,Polygon,1,0.0012587027313074
"Poyang Hu",Polygon,1,0.19253054967555,Polygon,1,0.43488759858741
"Daguan Hu",Polygon,1,0.028134119610994,Polygon,1,0.029562102424314
"Long Hu",Polygon,1,0.0343958125068,Polygon,1,0.040711235380679
"Liangzi Hu",Polygon,1,0.042192081141364,Polygon,1,0.062347213508159
"Siling Co",Polygon,1,0.15014991761337,Polygon,1,0.16936836614005
"Har Us Nuur",Polygon,1,0.18751090131047,Polygon,1,0.30823381338583
"Lake Taupo",Polygon,1,0.0016716564173868,Polygon,1,0.0027960729478115
"Lake Taupo",Polygon,1,0.063512979083132,Polygon,1,0.064062741133177
"Lop Nur",Polygon,1,0.069528065397779,Polygon,1,0.098173880306264
"Lake Geneva",Polygon,1,0.062458402345223,Polygon,1,0.075337154804098
"Lough Neagh",Polygon,1,0.053847881411567,Polygon,1,0.058258333689627
Vättern,Polygon,1,0.30001219975727,Polygon,1,0.3527806030545
"Lake Taymyr",Polygon,1,1.4057374908246,Polygon,1,2.7024083826945
"Ozero Mogotoyevo",Polygon,1,0.081907633454643,Polygon,1,0.082069466467104
"Ayakkum Hu",Polygon,1,0.062550078298441,Polygon,1,0.068601368018775
Storsjön,Polygon,1,0.090684197909439,Polygon,1,0.22206721113353
Bodensee,Polygon,1,0.055067006953989,Polygon,1,0.058515782967076
"Lake Kyoga",Polygon,2,0.14054231237563,Polygon,1,0.26381441357866
"Lake Rukwa",MultiPolygon,2,0.15884726208685,Polygon,1,0.17302429238987
"Ngoring Hu",Polygon,1,0.059528064551152,Polygon,1,0.0606562580737
"Gaoyou Hu",Polygon,1,0.081614040781197,Polygon,1,0.1792171813959
"Ozero Pyasino",Polygon,2,0.2005356020618,Polygon,1,0.3455302632132
"Danau Toba",Polygon,1,0.093041734296342,Polygon,1,0.15010207158112
,Polygon,1,0.11756968757151,Polygon,1,0.19413268144069
Hjälmaren,Polygon,1,0.080016383668202,Polygon,1,0.10407281392219
,Polygon,1,0.099991386767398,Polygon,1,0.36010198410837
Pyhjrvi,Polygon,1,0.18084949086058,Polygon,1,0.71800705260061
,Polygon,1,0.021572963488017,Polygon,1,0.060665536792298
"Gyaring Hu",Polygon,1,0.05371032415661,Polygon,1,0.055526724253159
,Polygon,1,0.070234351498648,Polygon,1,0.13655272299282
,Polygon,1,0.077404485503719,Polygon,1,0.14048063105835
"Langa Co",Polygon,1,0.025666754045731,Polygon,1,0.030306164620471
"Mapam Yumco",Polygon,1,0.037438102410103,Polygon,1,0.04227445392486
"Lake Beloye",Polygon,1,0.17811511258279,Polygon,1,0.19515133570723
"Lake Manyara",Polygon,1,0.036011406219333,Polygon,1,0.036355744404203
"Lake Balaton",Polygon,1,0.064339362415734,Polygon,1,0.078731612182369
"Lago Ranco",Polygon,1,0.045915766864281,Polygon,1,0.050296853432231
"Lago Viedma",Polygon,1,0.13444612143696,Polygon,1,0.17207034217324
"Lac Tumba",Polygon,1,0.059468752462325,Polygon,1,0.072311677089662
,Polygon,1,0.048278783878821,Polygon,1,0.085574724041865
"Po Hu",Polygon,1,0.01995442366735,Polygon,1,0.02871435328009
"Buyr Nuur",Polygon,1,0.072659388421994,Polygon,1,0.082114663734795
"Ngangla Ringeo",Polygon,1,0.049492233830565,Polygon,1,0.054534766933125
"Tangra Yumco",Polygon,1,0.075513690631043,Polygon,1,0.10442363823325
"Ozero Kulundinskoye",Polygon,1,0.094311376928293,Polygon,1,0.10378502199362
"Siletitengiz Kli",Polygon,1,0.087526966463655,Polygon,1,0.11125699560886
"Ubinskoye Lake",Polygon,1,0.062966129422645,Polygon,1,0.077647612531383
,Polygon,1,0.059567187134215,Polygon,1,0.059876460524105
,Polygon,1,0.086702619411672,Polygon,1,0.16481323993736
"Lake Tekapo",Polygon,1,0.022341811061703,Polygon,1,0.046434985139577
"Lake Ohau",Polygon,1,0.016748884713129,Polygon,1,0.034607323952828
"Ozero Bustakh",Polygon,1,0.066983212855978,Polygon,1,0.075280509719283
"Sea of Galilee",Polygon,1,0.015410311815776,Polygon,1,0.018494528024777
"Yamzho Yumco",Polygon,1,0.062054265628929,Polygon,1,0.16977532325454
"Ozero Tenis",Polygon,1,0.041531503041734,Polygon,1,0.050313415259002
"Ozero Chrnoye",Polygon,1,0.033671026579828,Polygon,1,0.038932915549771
,Polygon,2,0.058823208179226,Polygon,1,0.081857876503427
"Ozero Bolshoye Morskoye",Polygon,1,0.043656123585284,Polygon,1,0.047263646706879
"Ozero Chukochye",Polygon,1,0.044899424544485,Polygon,1,0.049842437468193
"Shijiu Hu",Polygon,1,0.029591923237686,Polygon,1,0.030202357138915
"Hong Hu",Polygon,1,0.028491681823638,Polygon,1,0.032670929338859
Võrtsjärv,Polygon,1,0.042172498187269,Polygon,1,0.043698987572491
"Chao Hu",Polygon,1,0.074891368612088,Polygon,1,0.099770632588534
,Polygon,1,0.036526368591745,Polygon,1,0.088027170238814
"Lake Sevana",Polygon,1,0.14613060293639,Polygon,1,0.16020596703713
,Polygon,1,0.014615599145652,Polygon,1,0.015578899894153
,Polygon,1,0.01582142387633,Polygon,1,0.016192832240654
"Weishan Hu",Polygon,1,0.032863186398442,Polygon,1,0.034090731464332
,Polygon,1,0.018825934275279,Polygon,1,0.028105364716403
"Huangtang Hu",Polygon,1,0.025167345391285,Polygon,1,0.030525039320615
,Polygon,1,0.016419570478512,Polygon,1,0.021909008939014
"Hoh Xil Hu",Polygon,1,0.029635898234147,Polygon,1,0.034456310226774
,Polygon,1,0.095216135402382,Polygon,1,0.10841683767932
"Ozero Khantayskoye",Polygon,1,0.22912710496116,Polygon,1,0.25231209894909
"Ozero Keta",Polygon,1,0.12827978712954,Polygon,1,0.13483849575957
"Ozero Lama",Polygon,1,0.16635394562155,Polygon,1,0.23948919388989
Storavan,Polygon,1,0.049048844555851,Polygon,1,0.072191154864434
Uddjaure,Polygon,1,0.091509108187971,Polygon,1,0.16780367186627
,Polygon,1,0.085444241310833,Polygon,1,0.3042049169199
,Polygon,1,0.022495571911412,Polygon,1,0.025764226793192
"Lake Skadar",Polygon,1,0.041359025740329,Polygon,1,0.058287619768391
,Polygon,1,0.017214803050073,Polygon,1,0.021412026945673
"Lago Colhu Huapi",Polygon,1,0.091303768783291,Polygon,1,0.10357559119881
,Polygon,1,0.0083023493574324,Polygon,1,0.010962135162846
,Polygon,1,0.058676552649139,Polygon,1,0.066704726154858
,Polygon,1,0.071779065315398,Polygon,1,0.089953735747489
,Polygon,1,0.04196393106117,Polygon,1,0.078737263366727
,Polygon,1,0.046617395514794,Polygon,1,0.063417324218696
,Polygon,1,0.042635037164874,Polygon,1,0.049914675509457
"Ozero Krasnoye",Polygon,1,0.10904832973414,Polygon,1,0.14711764808211
"Biwa Ko",Polygon,1,0.065567802858887,Polygon,1,0.070160425794332
"Reg Nuur",Polygon,1,0.028210935048169,Polygon,1,0.033088196943493
,Polygon,1,0.045637337982715,Polygon,1,0.094437504351918
,Polygon,1,0.034932394113925,Polygon,1,0.040665251824267
,Polygon,1,0.043386121439492,Polygon,1,0.051875152102037
,Polygon,1,0.017215496251986,Polygon,1,0.017664903502328
,Polygon,1,0.020532727364717,Polygon,1,0.022707524900064
"Banggong Co",Polygon,1,0.029195281767099,Polygon,1,0.053285028360635
Femunden,Polygon,1,0.0052392200715742,Polygon,1,0.0079508393274549
Femunden,Polygon,1,0.035591672459961,Polygon,1,0.065878782215848
"Loch Ness",Polygon,1,0.0061210378947947,Polygon,1,0.0077918144631795
"Dood-Tsagaan Nuur",Polygon,1,0.011552859785872,Polygon,1,0.012440164161548
,Polygon,1,0.040928027449836,Polygon,1,0.17063208631561
,Polygon,1,0.083033674977458,Polygon,1,0.22706424989485
,Polygon,2,0.11738364950765,Polygon,1,0.39124035736182
"Lake Dbo",Polygon,1,0.027499926509251,Polygon,1,0.039634555185318
,Polygon,1,0.042653233715138,Polygon,1,0.048945558755916
,Polygon,1,0.003078812979179,Polygon,1,0.0031673932652111
,Polygon,1,0.019713427689182,Polygon,1,0.057558384644934
,Polygon,1,0.051390134022868,Polygon,1,0.15910240627258
Aursund,Polygon,1,0.0086319668678931,Polygon,1,0.012291492430138
,Polygon,1,0.0062912839525425,Polygon,1,0.0090367516748162
Yeren,Polygon,1,0.015436393537819,Polygon,1,0.018436017616456
,Polygon,1,0.0019427416911674,Polygon,1,0.0038166136900301
,Polygon,1,0.041395505491085,Polygon,1,0.091505400899515
,Polygon,1,0.029863961664099,Polygon,1,0.089014909818629
,Polygon,1,0.035891482288086,Polygon,1,0.070197025661254
,Polygon,1,0.040160176353911,Polygon,1,0.048369369759536
,Polygon,1,0.0094921437938376,Polygon,1,0.017826728255559
"Lake Lembeni",Polygon,1,0.013954631119951,Polygon,1,0.016827229685735
,Polygon,1,0.02851265118156,Polygon,1,0.055581193415811
Siljan,Polygon,1,0.05364581305342,Polygon,1,0.076637637912505
Torneträsk,Polygon,1,0.10252763927294,Polygon,1,0.2496390358154
"Lago de  Erepecu",Polygon,1,0.049688669923149,Polygon,1,0.12633418488478
,Polygon,1,3.9859110095797E-6,Polygon,1,0.00077278350126939
"Ulansuhai Nur",Polygon,1,0.02094713213437,Polygon,1,0.022799165291179
"Dongting Hu",Polygon,1,0.071324151558855,Polygon,1,0.204629792982
"Lake Manapouri",Polygon,1,2.5561820606331E-6,Polygon,1,0.00025566737830669
"Lake Te Anau",Polygon,1,8.6650239321828E-7,Polygon,1,0.00021496905793318
Virihaure,Polygon,1,0.061935511475909,Polygon,1,0.12609818795016
,Polygon,1,0.0063692691679522,Polygon,1,0.0079407135729881
,Polygon,1,0.014863678780889,Polygon,1,0.033259987041604
,Polygon,1,0.032793952857204,Polygon,1,0.048810877239715
,Polygon,1,0.02617712395545,Polygon,1,0.10010143543624
"Lake Wakatipu",Polygon,1,0.043053167894815,Polygon,1,0.1136392694483
"Ozero Teletskoye",Polygon,1,0.030227502743253,Polygon,1,0.070769291374377
,Polygon,1,0.0098739247483797,Polygon,1,0.01401160476382
"Ge Hu",Polygon,1,0.018596137840544,Polygon,1,0.02273678831535
,Polygon,1,0.016103383755154,Polygon,1,0.019131655238457
,Polygon,1,0.030604257983913,Polygon,1,0.030936046069735
Sasyqkl,Polygon,1,1.4080663893135E-5,Polygon,1,0.00020795553619886
Sasyqkl,Polygon,1,0.088217828821923,Polygon,1,0.092303831091788
,Polygon,1,0.073431463717092,Polygon,1,0.12149287462191
,Polygon,1,0.016940858318395,Polygon,1,0.022064471573783
"Lago San Martn",Polygon,2,0.12807427442438,Polygon,1,0.41378896354833
"Lake Kwania",Polygon,1,0.046663016865804,Polygon,1,0.11987404799851
,Polygon,1,0.038975754232342,Polygon,1,0.045097458267418
"Lago di Como",Polygon,1,0.023975341373772,Polygon,1,0.057805662627137
"Lago di Garda",Polygon,1,0.040850388835388,Polygon,1,0.060026428491362
,Polygon,1,0.009155507613994,Polygon,1,0.01070580828442
,Polygon,1,0.046303808298619,Polygon,1,0.046928127200531
,Polygon,1,0.008108729397626,Polygon,1,0.011897545195021
,Polygon,1,0.0028434059414477,Polygon,1,0.0052446910758441
,Polygon,1,0.015546915918101,Polygon,1,0.019390915140347
,Polygon,1,0.006007677719179,Polygon,1,0.0094830036759412
,Polygon,1,0.013407434858502,Polygon,1,0.035174312746295
Hornavan,Polygon,1,0.033545513708139,Polygon,1,0.041041645333994
"Lago Nahuel Huap",Polygon,1,0.059257780792083,Polygon,1,0.14357884213212
,Polygon,1,0.0049063531771424,Polygon,1,0.0062497448558901
,Polygon,1,0.016665310557287,Polygon,1,0.032078070485437
"Lago Grande",Polygon,1,0.017155815899641,Polygon,1,0.024635901874248
"Lake Xau",Polygon,1,0.006705082170523,Polygon,1,0.0093603784208774
"Lake Adobed",Polygon,1,0.0011862417765919,Polygon,1,0.0024197010888847
"Lake Koka",Polygon,1,0.013494561674165,Polygon,1,0.017277702942884
"Lake Gemeri",Polygon,1,0.0054638608170678,Polygon,1,0.0065523110898004
,Polygon,1,0.010187468639437,Polygon,1,0.016749913627992
,Polygon,1,0.0068330212489115,Polygon,1,0.0077893792597417
,Polygon,1,4.6141252449407E-6,Polygon,1,0.00014696550257515
,Polygon,1,0.050907232239013,Polygon,1,0.10808098036496
"Laguna de Bay",Polygon,1,0.076147970383027,Polygon,1,0.084950544166906
,Polygon,1,0.057263503871071,Polygon,1,0.10949652679336
,Polygon,1,0.012520483008602,Polygon,1,0.01640143747316
"Lago La Plata",Polygon,1,0.0088384327256807,Polygon,1,0.013777821462186
"Lago Fontana",Polygon,1,0.0076043383544134,Polygon,1,0.0081601660186816
,Polygon,1,0.0065154047966014,Polygon,1,0.010591396709368
"Ozero Dyupkun",Polygon,1,0.065104657329619,Polygon,1,0.14511003721141
"Lake Murray",Polygon,1,0.033401674310835,Polygon,1,0.056749598837202
"Elsen Nur",Polygon,1,0.020542605492002,Polygon,1,0.024913254190929
,Polygon,1,0.0041732921523116,Polygon,1,0.0052235453166409
"Lac Onangu",Polygon,1,0.031138673335055,Polygon,1,0.051948539019218
"Lac Mai-Ndombe",Polygon,1,0.16188963864039,Polygon,1,0.34037039902415
"Lake Rentenue",Polygon,1,0.023739652722765,Polygon,1,0.035211114732406
,Polygon,1,0.0043351114742814,Polygon,1,0.005420297954939
,Polygon,1,1.1264531114858E-6,Polygon,1,0.00017373828982861
,Polygon,1,0.004293302733797,Polygon,1,0.0068485513435879
"Lough Derg",Polygon,1,0.018293815155479,Polygon,1,0.028057398179893
,Polygon,1,0.0014291657225862,Polygon,1,0.0030777798853492
"Lough Ree",Polygon,1,0.01517412492589,Polygon,1,0.019127227111542
"Lough Allen",Polygon,1,0.0049599680127346,Polygon,1,0.0074143470265173
"Loch Lochy",Polygon,1,0.0027092713709465,Polygon,1,0.0032637802960208
,Polygon,1,0.0080670073073809,Polygon,1,0.011273754673789
,Polygon,1,0.018271849319806,Polygon,1,0.0319652626764
"Lago Conceptin",Polygon,1,0.014050769560502,Polygon,1,0.017837505161927
,Polygon,1,0.0059217423443129,Polygon,1,0.007201155660338
,Polygon,1,0.012577455540968,Polygon,1,0.015726812418577
,Polygon,1,0.0013570293983351,Polygon,1,0.0014771842417972
"Masinga Res.",Polygon,1,0.016445218949356,Polygon,1,0.036275994592193
"Lake Bunyonyi",Polygon,1,0.0044997469290278,Polygon,1,0.0074430889361345
,Polygon,1,0.015697384058716,Polygon,1,0.020232501673572
"Qagan Nur",Polygon,1,0.024288322038278,Polygon,1,0.02741719021605
"Ozero Labaz",Polygon,1,0.14556135418903,Polygon,1,0.16400868717238
,Polygon,1,0.01165294081231,Polygon,1,0.015989987006986
,Polygon,1,0.011438914721134,Polygon,1,0.015872213457854
,Polygon,1,0.017106056999703,Polygon,1,0.020815240149452
,Polygon,1,0.011701291645864,Polygon,1,0.014631361728885
,Polygon,1,0.0060301634562864,Polygon,1,0.0065208048469109
,Polygon,1,0.01340570185372,Polygon,1,0.014892297248729
,Polygon,1,0.010774134084905,Polygon,1,0.01329141740697
"Dongping Hu",Polygon,1,0.013506346106715,Polygon,1,0.017198775135315
"Lake Kolozero",Polygon,1,0.013788435960893,Polygon,1,0.0188040371051
Bolmen,Polygon,1,0.034423453933152,Polygon,1,0.041450840149527
Åsnen,Polygon,1,0.023232532197014,Polygon,1,0.026830754177883
Foxen,Polygon,1,0.043122141485337,Polygon,1,0.15825482798841
Mritz,Polygon,1,0.014322764661796,Polygon,1,0.016183255268027
"Schweriner See",Polygon,1,0.0077006500954421,Polygon,1,0.0095916665967414
"Upper Lough Erne",Polygon,1,0.0070137953107381,Polygon,1,0.0094603088073854
"Lac Alaotra",Polygon,1,0.016180545793288,Polygon,1,0.018446681988193
,Polygon,1,0.017282260261404,Polygon,1,0.026991917876142
"Lago de Valencia",Polygon,1,0.027300674283883,Polygon,1,0.028005522049462
"Laguna Iber",Polygon,1,0.02859791501707,Polygon,1,0.034376996272584
"Laguna Iber",Polygon,1,0.016930222001515,Polygon,1,0.02036259617975
"Laguna Huaitunas",Polygon,1,0.023606254679298,Polygon,1,0.0281259727599
"Laguna Ragaguado",Polygon,1,0.026140730854933,Polygon,1,0.027744950857522
"Lago Musters",Polygon,1,0.043888844465592,Polygon,1,0.049280514878241
"Lago Cardiel",Polygon,1,0.043089062756468,Polygon,1,0.047186734697047
"Lago Rupanco",Polygon,1,0.022471981383753,Polygon,1,0.022511563389979
,Polygon,1,0.036284202835342,Polygon,1,0.038566984695173
"Lake Cheshi",Polygon,1,0.02442098355471,Polygon,1,0.028073351987098
"Ebinur Hu",Polygon,1,0.068469936000045,Polygon,1,0.077716587295376
"Lago di Bracciano",Polygon,1,0.012010069773756,Polygon,1,0.013498578848304
,Polygon,1,4.3325119665934E-8,Polygon,1,0.00024420938896648
,Polygon,1,1.2997535906473E-7,Polygon,1,0.0002940903711624
,Polygon,1,9.9647775247126E-7,Polygon,1,3.9248522274573E-5
,Polygon,1,0.029608603408755,Polygon,1,0.030649911793113
,Polygon,1,0.0049260227814712,Polygon,1,0.0060442761357675
,Polygon,1,0.00096238088325186,Polygon,1,0.0026045865550426
,Polygon,1,0.0036175608422899,Polygon,1,0.0047035212950983
"Lac Upemba",Polygon,1,0.041404083864782,Polygon,1,0.044976060435178
Lauwerszee,Polygon,1,0.0041642372022972,Polygon,1,0.0042852819095355
,Polygon,1,0.0023564099337854,Polygon,1,0.0041228462273754
,Polygon,1,0.00067786482237271,Polygon,1,0.001635842332339
,Polygon,1,0.0026640616085687,Polygon,1,0.0026688524030016
,Polygon,1,0.0011535313112404,Polygon,1,0.0021024834166364
,Polygon,1,0.0008881216281356,Polygon,1,0.00093984331885468
,Polygon,1,0.00099374826989377,Polygon,1,0.0021226462900759
,Polygon,1,0.00248365581026,Polygon,1,0.0034308777625899
"Jezioro Dabie",Polygon,1,0.0068215400921981,Polygon,1,0.010133563462101
Marqakl,Polygon,1,0.056564323089816,Polygon,1,0.058444492016299
"Ozero Beloye",Polygon,1,0.0083622679979387,Polygon,1,0.011622957400404
,Polygon,1,0.0086400686652716,Polygon,1,0.013441224276828
"Achit Nuur",Polygon,1,0.036132543253937,Polygon,1,0.042889188515794
,Polygon,1,0.0034887985866264,Polygon,1,0.006017798350392
"Ozero Ozhogino",Polygon,1,0.035401215233889,Polygon,1,0.041784008209206
"Ozero Sagarychye",Polygon,1,0.021907260111399,Polygon,1,0.026540749048115
"Ozero Bakul",Polygon,1,0.02719119170647,Polygon,1,0.02742847325451
"Ozero Soluntakh",Polygon,1,0.039287738419093,Polygon,1,0.04021044578658
,Polygon,1,0.025845816765334,Polygon,1,0.033108378757134
,Polygon,1,0.014621144760969,Polygon,1,0.017892356092529
,Polygon,1,0.019087271397132,Polygon,1,0.019642081128875
,Polygon,1,0.01246004446666,Polygon,1,0.018740673006529
"Ozero Bolshoy Olr",Polygon,1,0.015132944399641,Polygon,1,0.019436478470334
"Ozero Krugovatoye",Polygon,1,0.01247971407099,Polygon,1,0.013211240241989
"Ozero Ilirgytgyn",Polygon,1,0.028332505333967,Polygon,1,0.028584156061848
"Ozero Elgygytgyn",Polygon,1,0.026282230695776,Polygon,1,0.030749286548213
"Ozero Kronotskoye",Polygon,1,0.032491370221427,Polygon,1,0.032805083967595
,Polygon,1,0.04234107622791,Polygon,1,0.044629497693963
,Polygon,1,0.023948696425175,Polygon,1,0.028079890003265
"Luoma Hu",Polygon,1,0.010237509152658,Polygon,1,0.012633876797481
,Polygon,1,0.013696283431344,Polygon,1,0.025981084856926
,Polygon,1,0.008507320498598,Polygon,1,0.012193301101747
"Wuchang Hu",Polygon,1,0.013693207347857,Polygon,1,0.014642661097477
,Polygon,1,0.0095105136445785,Polygon,1,0.011420886790403
,Polygon,1,6.9753442668847E-6,Polygon,1,0.00017557197698846
,Polygon,1,0.0059529580930351,Polygon,1,0.0078919044565555
,Polygon,1,6.1954921128853E-6,Polygon,1,0.00013342832124906
,Polygon,1,0.0063914516292241,Polygon,1,0.0088188197348268
,Polygon,1,1.1827757670306E-5,Polygon,1,0.00014355678520677
,Polygon,1,4.3325119672627E-7,Polygon,1,0.00015736924320229
,Polygon,1,0.01021203398229,Polygon,1,0.012810209563299
,Polygon,1,0.0049790960530699,Polygon,1,0.0070539814471168
,Polygon,1,0.005291383515659,Polygon,1,0.005388801658657
"Dalai Nur",Polygon,1,0.027143100823636,Polygon,1,0.029214988975018
"Kenohan Jempang",Polygon,1,0.017496199702336,Polygon,1,0.01764764692363
,Polygon,1,0.011605023229954,Polygon,1,0.011637618417723
"Lake Taal",Polygon,1,0.010044105818446,Polygon,1,0.012032855716171
,Polygon,1,1.3430787097193E-6,Polygon,1,0.00021340682729355
"Ozero Kiyeng-Kyuyel",Polygon,1,0.023951577545634,Polygon,1,0.028162392295815
"Ozero Gusinoye",Polygon,1,0.01709271286284,Polygon,1,0.022102441656784
,Polygon,1,0.0013854506768397,Polygon,1,0.0018015954117228
,Polygon,1,0.0016655475755142,Polygon,1,0.0022731721953345
"Ozero Busani",Polygon,1,0.004712343291254,Polygon,1,0.0070501296874826
"Ozero Baunt",Polygon,1,0.015422702800002,Polygon,1,0.015610814979943
"Ozero Kipylyushi",Polygon,1,0.0026919629856381,Polygon,1,0.0043183657887115
"Ozero Kipylyushi",Polygon,1,0.0077584024799648,Polygon,1,0.011146733766477
"Ozero Isinginskoye",Polygon,1,0.0039526806429433,Polygon,1,0.0051947551665779
"Ozero Bolshaya Kharga",Polygon,1,0.0029912095872068,Polygon,1,0.0040813023225152
"Ozero Bolshoye Yeravnoye",Polygon,1,0.012632695068547,Polygon,1,0.015507543434625
,Polygon,1,0.0064214326120384,Polygon,1,0.0098147765858347
,Polygon,1,0.0022552457793537,Polygon,1,0.0034988987717091
,Polygon,1,0.001237148792206,Polygon,1,0.0016243205777174
,Polygon,1,0.0012836366456114,Polygon,1,0.001730107388582
"Ozero Arakhley",Polygon,1,0.013324163978498,Polygon,1,0.016524512023945
"Ozero Irgen",Polygon,1,0.0028314265458575,Polygon,1,0.0038532805863387
,Polygon,1,1.7330047869134E-6,Polygon,1,0.00025050988429712
,Polygon,1,0.0014114890737613,Polygon,1,0.0016769048008342
"Telmen Nuur",Polygon,1,0.02369966363731,Polygon,1,0.026603988202058
"Sangiyn Dalay Nuur",Polygon,1,0.022456059402269,Polygon,1,0.026900258712263
"Hh Nuur",Polygon,1,0.0098654763500441,Polygon,1,0.012483191231341
,Polygon,1,0.0011252400080953,Polygon,1,0.0019306009512918
,Polygon,1,0.0020129283850341,Polygon,1,0.0024963325155059
,Polygon,1,0.0015834031486162,Polygon,1,0.0025457693138882
,Polygon,1,0.001298193885822,Polygon,1,0.0021914698359271
,Polygon,1,0.0032375562176547,Polygon,1,0.003772102541752
,Polygon,1,0.001248889899636,Polygon,1,0.0028071367298678
"Ulgain Gobi",Polygon,1,0.027135172326739,Polygon,1,0.031313698026198
"Ozero Tembenchi",Polygon,1,0.019908585690737,Polygon,1,0.025651343313459
"Ozero Vivi",Polygon,1,0.052677843229734,Polygon,1,0.13261436188795
,Polygon,1,0.017115155274829,Polygon,1,0.02264820261353
"Ozero Agata",Polygon,1,0.031743015429348,Polygon,1,0.075326887553924
"Ozero Severnoye",Polygon,1,0.016029211150272,Polygon,1,0.030234515570802
"Ozero Ayan",Polygon,1,0.031188193946846,Polygon,1,0.069040712507469
,Polygon,1,0.030881170486293,Polygon,1,0.036472101623498
,Polygon,1,2.8161327786622E-7,Polygon,1,0.0003504275921496
,Polygon,1,3.5764886288516E-5,Polygon,1,0.00053647110350363
"Ozero Kokora",Polygon,1,0.042619461784352,Polygon,1,0.048190109563808
,Polygon,1,0.074137013290932,Polygon,1,0.079903114097891
,Polygon,1,0.029484130339942,Polygon,1,0.037705851539867
"Ozero Portnyagino",Polygon,1,0.096748891486103,Polygon,1,0.11717036507422
"Ozero Kungasalakh",Polygon,1,0.07837789262993,Polygon,1,0.080527439185853
,Polygon,1,0.0073125869985498,Polygon,1,0.0087369740842185
"Aqqikkol Hu",Polygon,1,0.035259542092563,Polygon,1,0.036229618118994
,Polygon,1,0.019232713823869,Polygon,1,0.022909224748493
"Gas Hu",Polygon,1,0.025227307356907,Polygon,1,0.028280392612974
"Hoh Sai Hu",Polygon,1,0.027274939162797,Polygon,1,0.032322002936328
"Huiten Nur",Polygon,1,0.025483228838802,Polygon,1,0.030516857033925
,Polygon,1,0.021496667952279,Polygon,1,0.028084984674098
,Polygon,1,0.033521641567199,Polygon,1,0.037003443226261
,Polygon,1,0.038883211776725,Polygon,1,0.057801784514141
,Polygon,1,9.9647775214916E-7,Polygon,1,0.00020406528339222
,Polygon,1,0.019647725145198,Polygon,1,0.021813653329802
,Polygon,1,0.026383264874853,Polygon,1,0.033318968096993
,Polygon,1,0.026607169093305,Polygon,1,0.027192974770907
,Polygon,1,0.016714831169068,Polygon,1,0.017486741673592
,Polygon,1,0.0088695618241646,Polygon,1,0.0097398785382273
,Polygon,1,0.032358145478438,Polygon,1,0.033034464999602
,Polygon,1,0.014505943267767,Polygon,1,0.01748658379487
"Lumajangdong Co",Polygon,1,0.030166500974757,Polygon,1,0.047795235064741
"Gozha Co",Polygon,1,0.025190697630785,Polygon,1,0.026941177271591
,Polygon,1,0.0078732140470907,Polygon,1,0.008385680442959
,Polygon,1,0.015074932064402,Polygon,1,0.018933034319784
,Polygon,1,0.017518728764561,Polygon,1,0.021651112755552
,Polygon,1,0.027962465486856,Polygon,1,0.03711643668651
"Gyaring Co",Polygon,1,0.046333615980951,Polygon,1,0.054201636080019
"Ngangz Co",Polygon,1,0.040682763947382,Polygon,1,0.047277507210729
,Polygon,1,0.013363763137878,Polygon,1,0.017636114621444
,Polygon,1,0.021405988476809,Polygon,1,0.026501078733029
,Polygon,1,0.023202551214204,Polygon,1,0.027679545328016
,Polygon,1,0.044785306179266,Polygon,1,0.048044497836273
,Polygon,1,0.013649189026269,Polygon,1,0.017784392181472
,Polygon,1,0.017091933010687,Polygon,1,0.017580880479292
,Polygon,1,0.013210262238887,Polygon,1,0.018312262547479
,Polygon,1,3.9859110097888E-6,Polygon,1,0.00033731532984539
,Polygon,1,0.010732715270497,Polygon,1,0.012063261106499
"Alesayqin Ha",Polygon,1,0.015461782057945,Polygon,1,0.015956486798918
"Ozero Samotlor",Polygon,1,0.0095843829736165,Polygon,1,0.010468851813815
"Ozero Tormemtor",Polygon,1,0.020702735134305,Polygon,1,0.023696502770706
"Ozero Chrtovo",Polygon,1,0.020582247976502,Polygon,1,0.029729374567236
"Ozero Chaselskoye",Polygon,1,0.013639224248749,Polygon,1,0.017539258189036
,Polygon,1,0.0063001222769572,Polygon,1,0.0072113733432323
,Polygon,1,0.019395139697516,Polygon,1,0.02164197313183
"Ozero Untor",Polygon,1,0.019279678253594,Polygon,1,0.025137548138183
"Munduyskoye Ozero",Polygon,1,0.018575211807741,Polygon,1,0.019401084769705
"Ozero Sobachye",Polygon,1,0.013247088590607,Polygon,1,0.016827740551301
"Ozero Sobachye",Polygon,1,0.030597066014049,Polygon,1,0.041381046285973
"Ozero Glubokoye",Polygon,1,0.043780163402901,Polygon,1,0.057958713333858
"Ozero Purinskoye",Polygon,1,0.019612415172666,Polygon,1,0.022795981090196
"Ozero Ayaturku",Polygon,1,0.028201858435599,Polygon,1,0.032796334804879
,Polygon,1,0.0097652220231236,Polygon,1,0.014477051491797
"Ozero Bol'shoye Topol'noye",Polygon,1,0.014430904160494,Polygon,1,0.015939982654618
"Ozero Kuchukskoye",Polygon,1,0.02360192216733,Polygon,1,0.025929679239527
"Ozero Kuchukskoye",Polygon,1,7.6252210619824E-6,Polygon,1,0.00014818909875047
"Ozero Maraldy",Polygon,1,0.0059615797918481,Polygon,1,0.0079826927473432
"Ozero Gorkoye",Polygon,1,0.013115250251442,Polygon,1,0.021199314588218
"Ozero Tandovo",Polygon,1,0.011777630506724,Polygon,1,0.014820047723669
"Ebeyty Lake",Polygon,1,0.012436085675482,Polygon,1,0.013899496043651
"Ozero Ik",Polygon,1,0.0098671660297101,Polygon,1,0.011035540222914
"Ozero Artevo",Polygon,1,0.0055320545554305,Polygon,1,0.0077678418672611
"Ozero Bolshoy Uvat",Polygon,1,0.026069504358192,Polygon,1,0.02753640714161
"Ozero Bolshoy Shishkarym",Polygon,1,0.0074880970583357,Polygon,1,0.010118652380126
"Ozero Andreyevskoye",Polygon,1,0.011155221837529,Polygon,1,0.013667969238219
"Ozero Tuman",Polygon,1,0.0088813895818354,Polygon,1,0.010173944244124
"Ozero Yakh-Tur",Polygon,1,0.0097725872934682,Polygon,1,0.013611330821203
"Ozero Leushinskiy Tuman",Polygon,1,0.029697723179921,Polygon,1,0.035431840224816
"Ozero Tursuntskiy Tuman",Polygon,1,0.01610373035611,Polygon,1,0.020177058321237
"Ozero Syrkovoye",Polygon,1,0.016239294655561,Polygon,1,0.016287150974375
,Polygon,1,0.024950936418526,Polygon,1,0.036736998966828
"Ozero Enetor",Polygon,1,0.0055524606867949,Polygon,1,0.0074458601101166
"Ozero Ergipskiy Sor",Polygon,1,0.028465470126238,Polygon,1,0.043368443032615
"Ozero Bolshoy Sor",Polygon,1,0.01723356282689,Polygon,1,0.026263755425186
"Ozero Vandmtor",Polygon,1,0.022858246488177,Polygon,1,0.028587780010048
"Ozero Bolshoy Kazymskiy Sor",Polygon,1,0.011077193297001,Polygon,1,0.011498547634876
"Ozero Shuryshkarskiy Sor",Polygon,1,0.035762070155627,Polygon,1,0.036538707725397
"Ozero Yambuto",Polygon,1,0.030290454142139,Polygon,1,0.032617935485678
"Ozero Yasaveyto",Polygon,1,0.020840249064143,Polygon,1,0.022439343439022
,Polygon,1,0.017720580497112,Polygon,1,0.021207026573021
"Ozero Teke",Polygon,1,0.028130610276298,Polygon,1,0.032463464124819
"Qyzylqaq Kli",Polygon,1,0.024611744056623,Polygon,1,0.028201818899423
"Zhalauly Kli",Polygon,1,0.010997865002883,Polygon,1,0.014332753155346
"Shreksor Kli",Polygon,1,0.012958543293596,Polygon,1,0.017301285832113
"Qarasor Kli",Polygon,1,0.019807508186543,Polygon,1,0.027997349208532
"Ozero Sartlan",Polygon,1,0.03313843088371,Polygon,1,0.037515893648032
,Polygon,1,0.027661919131699,Polygon,1,0.027969064975418
,Polygon,1,6.4987679507686E-6,Polygon,1,5.0137114180371E-5
"Iken Zhbolat Lake",Polygon,1,0.011097946029323,Polygon,1,0.01152716378572
,Polygon,1,0.0049954296231849,Polygon,1,0.007736996455215
"Qiyakty Kli",Polygon,1,0.0079262873186888,Polygon,1,0.011495389625229
"Kerey Kli",Polygon,1,0.0073436511093534,Polygon,1,0.0088522507345807
Qozhakl,Polygon,1,0.0084523409217332,Polygon,1,0.01047760112952
"Yke Lake",Polygon,1,0.00871623422565,Polygon,1,0.012338653372121
"Saryqopa Kli",Polygon,1,0.022049279853682,Polygon,1,0.0225435153861
,Polygon,1,0.014221557182243,Polygon,1,0.017218116948629
"Shaghalalytengiz Kli",Polygon,1,0.036770678941567,Polygon,1,0.04214112002905
,Polygon,1,0.011427086963464,Polygon,1,0.013287480835295
"Zharman Kli",Polygon,1,0.017878283932715,Polygon,1,0.020591530515098
"Iken Aqsuat Kli",Polygon,1,0.018128703124412,Polygon,1,0.01817506829319
"Koybaghar Kli",Polygon,1,0.012456578457086,Polygon,1,0.012603494511708
"Imantau Kli",Polygon,1,0.0080323038865238,Polygon,1,0.010496916772092
"Qalybek Kli",Polygon,1,0.013159051947432,Polygon,1,0.016475194127486
"Kishi Qaraoy Kli",Polygon,1,0.011751158858603,Polygon,1,0.011755977487856
,Polygon,1,0.059149836256426,Polygon,1,0.10081721533133
,Polygon,1,0.017257261667348,Polygon,1,0.028987370588657
,Polygon,1,0.030418869796844,Polygon,1,0.032097804640576
Pyhjrvi,Polygon,1,0.026936180052089,Polygon,1,0.033073638712622
,Polygon,1,0.023740389249798,Polygon,1,0.027280134052963
,Polygon,1,0.0054431947349863,Polygon,1,0.0088146031475475
,Polygon,1,0.0015025151501894,Polygon,1,0.0022080463607003
,Polygon,1,0.0043574672360295,Polygon,1,0.0074191395787091
,Polygon,1,0.0043690350429808,Polygon,1,0.0051851274202168
,Polygon,1,0.043947658315547,Polygon,1,0.05266969391887
,Polygon,1,0.01661994915699,Polygon,1,0.021183858608681
,Polygon,1,0.012722724667228,Polygon,1,0.014327119068962
,Polygon,1,0.020934611174785,Polygon,1,0.032382621641268
,Polygon,1,0.015832818382806,Polygon,1,0.016898823000739
,Polygon,1,0.037964459288987,Polygon,1,0.062275197946702
,Polygon,1,0.028105871632965,Polygon,1,0.046436812164366
,Polygon,1,0.037223339791892,Polygon,1,0.072970013274862
,Polygon,1,0.048138453816202,Polygon,1,0.14293358152603
,Polygon,1,0.01731388759876,Polygon,1,0.019123736031631
,Polygon,1,0.024890237925866,Polygon,1,0.033014517361751
,Polygon,1,0.020506385691958,Polygon,1,0.022075161178445
,Polygon,1,0.024409415747758,Polygon,1,0.02513080129805
,Polygon,1,0.019018211156376,Polygon,1,0.024176616345171
,Polygon,1,0.031513522270447,Polygon,1,0.037715014384216
,Polygon,1,0.01414968080871,Polygon,1,0.020196304223332
,Polygon,2,0.045619747984133,Polygon,1,0.056394917594435
,Polygon,1,9.7481519259646E-6,Polygon,1,0.00086885964333542
,Polygon,1,0.022454066446766,Polygon,1,0.033748222747869
,Polygon,1,0.010235906123229,Polygon,1,0.01195339321759
,Polygon,1,0.021623133976597,Polygon,1,0.027907667064004
,Polygon,1,0.018791057553942,Polygon,1,0.023119838433921
,Polygon,1,0.019600890690831,Polygon,1,0.022515846927951
,Polygon,1,0.010828940361289,Polygon,1,0.01392295977804
,Polygon,1,4.0292361295217E-6,Polygon,1,2.1103897124326E-5
,Polygon,1,1.3430787098029E-6,Polygon,1,0.00012063555180086
,Polygon,1,2.5995071800397E-7,Polygon,1,0.00063678596653428
,Polygon,1,0.010313674713038,Polygon,1,0.014350321309284
Randijaure,Polygon,1,0.052731696353485,Polygon,1,0.098956793029332
Storuman,Polygon,1,0.045235540822888,Polygon,1,0.071648589865271
,Polygon,1,0.025231986469833,Polygon,1,0.035313646936448
,Polygon,1,0.025922155626192,Polygon,1,0.073347803287099
,Polygon,1,0.026563713998282,Polygon,1,0.029502585029269
,Polygon,1,0.016378281639463,Polygon,1,0.023299101315121
,Polygon,1,0.013781287316147,Polygon,1,0.017027439579286
Tyrifjorden,Polygon,1,0.02170185571904,Polygon,1,0.041719284293107
,Polygon,1,0.0081029671567114,Polygon,1,0.011984078514114
,Polygon,1,0.011890362468104,Polygon,1,0.012345984896437
Snåsavatnet,Polygon,1,0.0231928463874,Polygon,1,0.034124721303941
,Polygon,1,0.030288374536394,Polygon,1,0.06880825745082
,Polygon,1,0.025591281687263,Polygon,1,0.030641383446377
,Polygon,1,0.0093005167895359,Polygon,1,0.01627003189525
Røssvatnet,Polygon,1,0.045966868842933,Polygon,1,0.089901980697462
,Polygon,1,0.020504392736451,Polygon,1,0.043769627485619
,Polygon,1,0.017983044072078,Polygon,1,0.021710684515065
,Polygon,1,0.01177004861078,Polygon,1,0.017822571789954
,Polygon,1,0.012761977225647,Polygon,1,0.014525775042715
,Polygon,1,0.0094646756679662,Polygon,1,0.012444235516395
,Polygon,1,0.026467835508447,Polygon,1,0.042830734272032
,Polygon,1,0.0019427416911674,Polygon,1,0.0038166136900301
,Polygon,1,0.0038431980655354,Polygon,1,0.0063461172142633
,Polygon,1,0.01227703916117,Polygon,1,0.015246785797913
,Polygon,1,0.0078265962183251,Polygon,1,0.010099318699223
,Polygon,1,0.0032024195456002,Polygon,1,0.0043853336033274
,Polygon,1,0.017894140926515,Polygon,1,0.02735906328667
,Polygon,1,0.0031597876278461,Polygon,1,0.0051581911389239
,Polygon,1,0.0033619859613489,Polygon,1,0.0057537612702236
,Polygon,1,0.021303481243663,Polygon,1,0.024875360322697
,Polygon,1,0.0089222018445665,Polygon,1,0.01085397344545
,Polygon,1,0.025994681876522,Polygon,1,0.028211627251654
,Polygon,1,0.028127317567204,Polygon,1,0.044731733334321
,Polygon,1,0.024603945535081,Polygon,1,0.027755246529605
,Polygon,1,0.014530725236215,Polygon,1,0.016843154980188
,Polygon,1,0.011910595298994,Polygon,1,0.012191360629935
,Polygon,1,0.010962208429394,Polygon,1,0.012190133171668
,Polygon,1,0.011241265525196,Polygon,1,0.013581915522027
,Polygon,1,0.0043898311004239,Polygon,1,0.0045601462063413
,Polygon,1,1.0831279917822E-6,Polygon,1,0.00026614364609984
,Polygon,1,0.004593459162877,Polygon,1,0.0049796694502422
,Polygon,2,0.029283015134427,Polygon,1,0.059904592850631
,Polygon,1,0.0034321726552164,Polygon,1,0.0046787148585427
,Polygon,1,0.012163917273708,Polygon,1,0.015540250752553
,Polygon,1,0.0088999760581743,Polygon,1,0.011733596892242
,Polygon,1,0.0073454707643784,Polygon,1,0.010657531436147
,Polygon,1,0.0058920429747769,Polygon,1,0.0074325079589654
"Songhua Hu",Polygon,1,0.019638626870066,Polygon,1,0.036645909852233
"Yueliang Pao",Polygon,1,0.0079360787957363,Polygon,1,0.012325574499065
,Polygon,1,0.038650707522011,Polygon,1,0.11277683149625
"Puma Yumco",Polygon,1,0.023649233198012,Polygon,1,0.024969602184355
Mälaren,Polygon,1,0.28748058219291,Polygon,1,0.55602523072406
"Rye Patch Reservoir",Polygon,1,0.004512441189093,Polygon,1,0.0065121338496702
"Khashm el Girba Dam",Polygon,1,0.0075150886078893,Polygon,1,0.012064271333855
"Mingevir Reservoir",Polygon,1,0.060372297833062,Polygon,1,0.10383660357222
"Lake Pedder",Polygon,1,0.034018277413992,Polygon,1,0.040390569953712
"Lake Gordon",Polygon,1,0.04000372934678,Polygon,1,0.05044605454515
"Lake Pukaki",Polygon,1,0.025362914981474,Polygon,1,0.032847097213735
"Lake Manapouri",Polygon,1,0.016972658956234,Polygon,1,0.019565564588244
"Lake Te Anau",Polygon,1,0.043604220091913,Polygon,1,0.10912595848464
"Ubolratna Reservoir",Polygon,1,0.017640948927152,Polygon,1,0.033105434389279
"Xinfengjiang Shuiku",Polygon,1,0.031073599005317,Polygon,1,0.072114424190969
"Krishna Raja Sagar",Polygon,1,0.0036990553923913,Polygon,1,0.0066197124452386
,Polygon,1,0.0068278655596703,Polygon,1,0.010264622327945
"Bhadra Reservoir",Polygon,1,0.010116328792939,Polygon,1,0.014014519485466
Tungabhadra,Polygon,1,0.031886854826654,Polygon,1,0.040203515165878
"Novosibirskoye Reservoir",Polygon,1,0.15074789091508,Polygon,1,0.2836075063275
"Lake Zaysan",Polygon,1,0.5110321341785,Polygon,1,1.8452427142214
"Lake Habbaniyah",Polygon,1,0.037551484248279,Polygon,1,0.04452169511363
"Buhayrat ath Tharthar",Polygon,1,0.15097088530603,Polygon,1,0.15903673767032
"Saksak Dagi",Polygon,1,0.031380384177702,Polygon,1,0.11944025919047
,Polygon,1,0.074981788136838,Polygon,1,0.13346481180749
Kiyevskoye,Polygon,1,0.082976919070683,Polygon,1,0.12453502922817
"Lake Kovdozero",Polygon,2,0.28429098688273,Polygon,1,0.4996778641346
"Lake Imandra",MultiPolygon,3,0.21088558322517,Polygon,1,0.58402272225775
Ondozero,Polygon,1,0.035445666806669,Polygon,1,0.051216839606907
Koitere,Polygon,1,0.048414738104343,Polygon,1,0.07442295874352
Rikkavesi,Polygon,1,0.062805479878903,Polygon,1,0.077275679389309
"Lake Il'Men'",Polygon,1,0.13731853354602,Polygon,1,0.18886849543723
"Cheboksary Reservoir",Polygon,1,0.1767110754296,Polygon,1,0.40144298328078
Oulujarvi,Polygon,1,0.22581975197572,Polygon,1,0.3933905011589
Kemijarvi,Polygon,1,0.050162776707712,Polygon,1,0.1373142452753
"Umbozero Lake",Polygon,1,0.064041285592399,Polygon,1,0.069490435492748
"Paduskoye More",Polygon,1,0.12947153119633,Polygon,1,0.45029101923571
"Porttipahta Reservoir",Polygon,1,0.070990851413222,Polygon,1,0.1407265552836
"Lokan Tekojarvi",Polygon,1,0.11599377966859,Polygon,1,0.18305434267707
Akkajaure,Polygon,1,0.053559769365756,Polygon,1,0.12531749709352
"Stora Lulevatten",Polygon,1,0.055206557164444,Polygon,1,0.097271070384837
Mhisa,Polygon,1,0.064596280375383,Polygon,1,0.1680095733953
"M'Bakaou Reservoir",Polygon,1,0.033618646510146,Polygon,1,0.048229284128574
,Polygon,1,0.015582919092544,Polygon,1,0.025891642677108
Tiete,Polygon,1,0.032596563611988,Polygon,1,0.068918618056409
"Barra Bonita",Polygon,1,0.059104951432444,Polygon,1,0.19192636722886
Bariri,Polygon,1,0.12461734146327,Polygon,1,0.52985383417198
,Polygon,1,0.081904579033708,Polygon,1,0.17782071319603
,Polygon,1,0.03069842513152,Polygon,1,0.067206215943249
,Polygon,1,0.060883490920061,Polygon,1,0.11333333855654
"Lago Gatun",Polygon,1,0.03467632099411,Polygon,1,0.067547996939219
"Presa Miguel Aleman",Polygon,1,0.042146893041543,Polygon,1,0.047988578781339
"Lake Novillo",Polygon,1,0.034395249280249,Polygon,1,0.082847490677397
"Lake Mohave",Polygon,1,0.008040860597658,Polygon,1,0.011162803021411
"Lac Low",Polygon,1,0.02263269591517,Polygon,1,0.033121264367705
"Southern Indian Lake",Polygon,2,0.35324449620599,Polygon,1,0.70894231949443
"Tobin Lake",Polygon,1,0.039976477846502,Polygon,1,0.046860661021296
"Cedar Lake",Polygon,2,0.39711263126438,Polygon,1,0.50476732900008
"Sipiwesk Lac",Polygon,1,0.070109726791914,Polygon,1,0.099157453960569
"Ogoki Reservoir",Polygon,1,0.060243015675961,Polygon,1,0.1253971162045
"Umfreville Lake",Polygon,1,0.020844083337232,Polygon,1,0.029842951013718
,Polygon,1,0.015860091545639,Polygon,1,0.024493032014502
"Lac Seul",Polygon,1,0.19185101683606,Polygon,1,0.52817831471706
"Cabonga Reservoir",Polygon,3,0.093438527404846,Polygon,1,0.19802744004566
"Lake Abitibi",Polygon,1,0.12500648768816,Polygon,1,0.25336752408837
"Dozois Reservoir",Polygon,1,0.03321892895606,Polygon,1,0.070616131782098
"Dozois Reservoir",Polygon,1,0.025128049507745,Polygon,1,0.057492451644375
"Lac St.-Jean",Polygon,1,0.12822487254036,Polygon,1,0.13687964248032
"Lake Peribonca",Polygon,1,0.023189445365502,Polygon,1,0.032088662728441
"Réservoir de La Grande 2",Polygon,9,0.39606817094191,Polygon,1,0.74202620467939
"Saratovskoe Reservoir",Polygon,1,0.16615088078563,Polygon,1,0.40070302834828
"Nizhnekamskoe Reservoir",Polygon,1,0.13534806377826,Polygon,1,0.30565650436278
"Serebryanskoe Reservoir",Polygon,1,0.089846203444763,Polygon,1,0.1702963545869
"Ataturk Barajt",Polygon,1,0.066600543736484,Polygon,1,0.16074448554775
"Réservoir Manicouagan",Polygon,3,0.27405661880125,Polygon,1,0.94726437217773
"Réservoir de La Grande 3",Polygon,5,0.30535641825636,Polygon,1,0.55407594213627
"Lake Mead",Polygon,1,0.07880527327292,Polygon,1,0.35509964877028
"Lake Powell",Polygon,1,0.085522508139517,Polygon,1,0.28489755794412
"Smallwood Reservoir",Polygon,1,0.77802953128103,Polygon,1,2.7966247949446
"Williston Lake",Polygon,1,0.23876317480255,Polygon,1,1.1488932249171
"Fort Peck Lake",Polygon,1,0.12511389065982,Polygon,1,0.45212385455937
"Lake Sakakawea",Polygon,1,0.19582616155355,Polygon,1,0.65293200189179
"Lake Oahe",Polygon,1,0.22112883295614,Polygon,1,0.95174414566468
"Réservoir Gouin",Polygon,3,0.20162080965932,Polygon,1,0.47655006544002
"Lower Arrow Lake",Polygon,1,0.021512676583996,Polygon,1,0.047089084984979
"Amistad Reservoir",Polygon,1,0.023331010194029,Polygon,1,0.055437457615118
"Réservoir Baskatong",Polygon,1,0.038427973081783,Polygon,1,0.069610670079116
"Lake Chelan",Polygon,1,0.021717886013321,Polygon,1,0.047033342566326
"Millerton Lake",Polygon,1,0.002214520166863,Polygon,1,0.0037841239044001
"Réservoir Pipmuacan",Polygon,3,0.11303658030034,Polygon,1,0.40869086000149
"Lake Francis Case",Polygon,1,0.041361820210543,Polygon,1,0.14619339829533
"Falcon Lake",Polygon,1,0.042360290918481,Polygon,1,0.086689104029617
"Réservoir de Caniapiscau",Polygon,2,0.10944360646346,Polygon,1,0.23605478682144
"Lac Bermen",Polygon,1,0.077942908428433,Polygon,1,0.24506206140536
"Réservoir de Caniapiscau",Polygon,1,0.044064397850498,Polygon,1,0.16057415143762
"Kentucky Lake",Polygon,1,0.049514632917433,Polygon,1,0.11512019425598
"J. Strom Thurmond Lake",Polygon,1,0.02918256584447,Polygon,1,0.098313549502653
"Kinbasket Lake",Polygon,1,0.044343606584225,Polygon,1,0.096513301046093
"Shasta Lake",Polygon,1,0.01441179778272,Polygon,1,0.03089177693878
"Wheeler Lake",Polygon,1,0.028687879628072,Polygon,1,0.040855643119421
"Franklin D. Roosevelt Lake",Polygon,1,0.014508824388221,Polygon,1,0.023809172013619
"Upper Arrow Lake",Polygon,1,0.037055909866921,Polygon,1,0.090385556671164
"Kinbasket Lake",Polygon,1,0.017429305717566,Polygon,1,0.022706528655992
"Caballo Reservoir",Polygon,1,0.0048244903635237,Polygon,1,0.0077510520098457
"Elephant Butte Reservoir",Polygon,1,0.0056014613971429,Polygon,1,0.00598637431993
"Lake Diefenbaker",Polygon,1,0.07342336191971,Polygon,1,0.29988081297961
"Ossokmanuan Lake",Polygon,2,0.029935859700189,Polygon,1,0.062997535074151
"Red Bluff Lake",Polygon,1,0.0047416743972724,Polygon,1,0.0076124966570295
"Brantley Lake",Polygon,1,0.0053361600268386,Polygon,1,0.0082697621886141
"Lake C.W. McConaughy",Polygon,1,0.011683831622634,Polygon,1,0.015586492015328
"Seminoe Reservoir",Polygon,1,0.014727616242561,Polygon,1,0.02077311557282
"Clair Engle Lake",Polygon,1,0.010615542484346,Polygon,1,0.023231552579913
"John H. Kerr Reservoir",Polygon,1,0.028487262661432,Polygon,1,0.064087621341364
"Lake Texoma",Polygon,1,0.03796630060657,Polygon,1,0.086826169177378
"Flaming Gorge Reservoir",Polygon,1,0.016257447880703,Polygon,1,0.027738504173229
"American Falls Reservoir",Polygon,1,0.022434505155236,Polygon,1,0.027426015859776
"Presa de la Boquilla",Polygon,1,0.0080926774407854,Polygon,1,0.012092730693538
"Presa del Infiernillo",Polygon,1,0.071028500942217,Polygon,1,0.2758401712028
"Presa de la Angostura",Polygon,1,0.07301285641083,Polygon,1,0.21557160147064
"Petenwell Lake",Polygon,1,0.018896749183381,Polygon,1,0.03546464462589
"Lake Seminole",Polygon,1,0.013423530140465,Polygon,1,0.036388918907834
"Lake Barkley",Polygon,1,0.028939035346802,Polygon,1,0.059624027217447
"Presa Marte R. Gomez",Polygon,1,0.017599465125072,Polygon,1,0.022533620166756
"Lake Moultrie",Polygon,1,0.019550308613617,Polygon,1,0.024604947170055
"Lake Marion",Polygon,1,0.022671320259358,Polygon,1,0.029957284798623
"Lake Meredith",Polygon,1,0.010216583119858,Polygon,1,0.012715440919164
"Ute Reservoir",Polygon,1,0.0040427968918589,Polygon,1,0.0065320983191649
"Conchas Lake",Polygon,1,0.0090568346539428,Polygon,1,0.010454559468253
"Toledo Bend Reservoir",Polygon,1,0.076919417463883,Polygon,1,0.157498467466
"Palisades Reservoir",Polygon,1,0.0073684114152463,Polygon,1,0.0083103315193831
"Glendo Reservoir",Polygon,1,0.005208589211967,Polygon,1,0.0062945236357526
"Pathfinder Reservoir",Polygon,1,0.011534793210967,Polygon,1,0.01255938014465
"Presa Nezahualcyotl",Polygon,1,0.023815298381709,Polygon,1,0.050604925993775
"Presa Manuel vila Camacho",Polygon,1,0.0048477342902272,Polygon,1,0.0062896704665095
"Presa Vicente Guerrero",Polygon,1,0.022297077875639,Polygon,1,0.022298664966745
"Presa Alvaro Obregon",Polygon,1,0.015123499523554,Polygon,1,0.022793988823941
"Lake Oroville",Polygon,1,0.011315438130071,Polygon,1,0.029145827553017
"Boysen Reservoir",Polygon,1,0.010643292223497,Polygon,1,0.012803268777609
"Hartwell Lake",Polygon,1,0.021923810307113,Polygon,1,0.05508899009963
"Lake Sidney Lanier",Polygon,1,0.02566831375004,Polygon,1,0.040908187198008
"Lake Gaston",Polygon,1,0.017633583656814,Polygon,1,0.025670665376665
"Smith Mountain Lake",Polygon,1,0.015447766381732,Polygon,1,0.024731623199712
"Walter F. George Reservoir",Polygon,1,0.018081738694689,Polygon,1,0.039768447407168
"Réservoir Outardes Quatre",Polygon,3,0.11395403303449,Polygon,1,0.31929635052976
"Logan Martin Lake",Polygon,1,0.0066842861130797,Polygon,1,0.0077339491402791
"Mitchell Lake",Polygon,1,0.0047965889864565,Polygon,1,0.0057715644505804
"Lake Murray",Polygon,1,0.014489674685328,Polygon,1,0.018270498466143
"Rybinsk Reservoir",Polygon,1,0.73066618551829,Polygon,1,1.4695570863433
"Kainji Reservoir",Polygon,1,0.1017714426342,Polygon,1,0.17509987924057
"Kakhovka Reservoir",Polygon,1,0.24456375844969,Polygon,1,0.50101298787424
"Kremenchuk Reservoir",Polygon,1,0.23532874924111,Polygon,1,0.32067476442974
"Samara Reservoir",Polygon,1,0.80447438281348,Polygon,1,3.2220619398235
"Represa de Sobradinho",Polygon,3,0.7187038167013,Polygon,1,2.093316934005
"Ozero Kubenskoye",Polygon,1,0.069053265411298,Polygon,1,0.10299088349342
"Lake Kariba",Polygon,1,0.39951037336233,Polygon,1,0.63946491723723
"Nam Ngum Reservoir",Polygon,1,0.044239669622129,Polygon,1,0.079617352129374
"Lake Argyle",Polygon,1,0.15325476898949,Polygon,1,0.20708947196366
"Lake Nasser",Polygon,1,0.31384573716774,Polygon,1,0.96395234907853
"Toktogul Suu Saktagychy",Polygon,1,0.066203079088622,Polygon,1,0.10863886107493
"Professor Doctor Ingenieur W. J. Van Blommestein Meer",Polygon,1,0.15055000343098,Polygon,1,0.1825228574133
"Represa Itaipu",Polygon,1,0.21559459048217,Polygon,1,0.54781977926881
"Lake Volta",Polygon,2,0.65220185927461,Polygon,1,2.6466045824743
"Bratsk Reservoir",Polygon,1,0.58076595056958,Polygon,1,3.3425298779917
"Represa de Tucuruí",Polygon,1,0.29259823197869,Polygon,1,0.60277497201091
"Represa Tres Marias",Polygon,1,0.11542186642639,Polygon,1,0.3526529758705
"Repressa de Jupia",Polygon,1,0.12923330802582,Polygon,1,0.4792142231221
"Shardara Bgeni",Polygon,1,0.062895379502221,Polygon,1,0.064035810112653
"Vilyuyskoye Vodokhranilishche",Polygon,1,0.77087302302611,Polygon,1,3.4014116988236
"Krasnoyarskoye Vodokhranilishche",Polygon,1,0.22996236994329,Polygon,1,1.1730779674195
"Kostroma Reservoir",Polygon,1,0.084085998809141,Polygon,1,0.37310645063861
"Uglich Reservoir",Polygon,1,0.01525148192706,Polygon,1,0.023246901873617
"Ivankovo Reservoir",Polygon,1,0.052239652969381,Polygon,1,0.12314754384535
"Tarbela Dam",Polygon,1,0.039473733157844,Polygon,1,0.093941155008049
"Lago de Cahora Bassa",Polygon,1,0.13074476981322,Polygon,1,0.29806568782053
"Roseires Reservoir",Polygon,1,0.04597033485251,Polygon,1,0.075886184776288
"Votkinskoye Vodokhranilishche",Polygon,1,0.16621725486897,Polygon,1,0.52708345180834
"Kama Reservoir",Polygon,1,0.31700881750469,Polygon,1,1.6653364726124
"Buhayrat al-Assad",Polygon,1,0.067463016893775,Polygon,1,0.14746178686678
"Keban Baraji",Polygon,1,0.07613661920167,Polygon,1,0.31848461649954
"Volgograd Reservoir",Polygon,1,0.21181148435761,Polygon,1,1.0469329236087
"Gorky Reservoir",Polygon,1,0.17436800963267,Polygon,1,0.60301168995536
"Ust-Ilimskoye Vodokhranilishche",Polygon,1,0.19384646353531,Polygon,1,0.86581194399026
"Obanbori Qayroqum",Polygon,1,0.047186124360718,Polygon,1,0.051980554824781
"Embalse de Entrepeas",Polygon,1,0.005727710795865,Polygon,1,0.0082218142603358
"Gobind Sagar Reservoir",Polygon,1,0.020316145091481,Polygon,1,0.062459475927249
"Hinakud Dam",Polygon,1,0.06345215061511,Polygon,1,0.12766688499812
"Nagarjuna Sagar Dam",Polygon,1,0.030022531602092,Polygon,1,0.092693625889944
"Danjiangkou Shuiku",Polygon,1,0.074238415733519,Polygon,1,0.22402709138433
"Qapshaghay Bgeni",Polygon,1,0.10466543065287,Polygon,1,0.14643013052239
"Bloemhof Dam",Polygon,1,0.039358661639995,Polygon,1,0.081283580406314
"Vaal Dam",Polygon,1,0.037599445155757,Polygon,1,0.078345992726721
"Wyangala Reservoir",Polygon,1,0.00448146372853,Polygon,1,0.004677272107086
"Lac de Kossou",Polygon,1,0.1937006311825,Polygon,1,0.40316389452802
"Zeya Vodokhranilishche",Polygon,1,0.45443657367739,Polygon,1,1.2506588790734
"Embalse de Garcia  de Sola",Polygon,1,0.0019906809360836,Polygon,1,0.004223509191416
"Embalse de Orellana",Polygon,1,0.0047792156134669,Polygon,1,0.0071710281631361
"Chao Nen Dam",Polygon,1,0.042290689113732,Polygon,1,0.087836936338736
"Xinanjiang Shuiku",Polygon,1,0.054659707503961,Polygon,1,0.140688521697
"Guanting Shuiku",Polygon,1,0.0054271211155888,Polygon,1,0.010514276746429
"Embalse de  Cara",Polygon,1,0.0092581014973734,Polygon,1,0.013471262392195
"Represa Porto Primavera",Polygon,1,0.08851638222158,Polygon,1,0.15595632216198
"Lake Mulwala",Polygon,1,0.0073876261058197,Polygon,1,0.0084594917616205
"Lake Hume",Polygon,1,0.017964804196696,Polygon,1,0.032743498865692
"Karnaphuli Reservoir",Polygon,1,0.045392811007287,Polygon,1,0.11506268346235
"Lac de Buyo",Polygon,1,0.081301016791569,Polygon,1,0.24726892127399
"Embalse de Guri",Polygon,1,0.10172779257613,Polygon,1,0.25407168682089
"Kabalebo Dam",Polygon,1,0.13391194437397,Polygon,1,0.24272313257624
"Lago Rincon del Bonete",Polygon,1,0.15024155024149,Polygon,1,0.42428294856325
"Embalse Ezequiel Ramos Mexia",Polygon,1,0.08573709745724,Polygon,1,0.10009519282537
"Tsimlyansk Reservoir",Polygon,1,0.37025625608272,Polygon,1,1.2491383542487
"Represa de São Simão",Polygon,1,0.093834627311431,Polygon,1,0.26274332489977
Camatague,Polygon,1,0.0090731898866194,Polygon,1,0.011808942904286
"Embalse de Gurico",Polygon,1,0.015081040906277,Polygon,1,0.019508014331119
"Barragem Itumbiara",Polygon,1,0.069201762258975,Polygon,1,0.22960341560709
"Burrendong Reservoir",Polygon,1,0.021552687332012,Polygon,1,0.036678936803718
"Vanderkloof Dam",Polygon,1,0.015480628485004,Polygon,1,0.017949476234995
"Gariep Dam",Polygon,1,0.030244789466007,Polygon,1,0.04939839526028
"Stanley Reservoir",Polygon,1,0.012963915608433,Polygon,1,0.013969876927869
"Gandhi Sagar Dam",Polygon,1,0.032602065902182,Polygon,1,0.055160497484927
"Bhumphol K. K. Nam",Polygon,1,0.010467002311558,Polygon,1,0.013041980676478
"Siri Kit Dam",Polygon,1,0.02296166354883,Polygon,1,0.035864251743354
"Represa Agua Vermetha",Polygon,1,0.083965208375495,Polygon,1,0.22323986435268
"Represa Furnas",Polygon,1,0.16229119751206,Polygon,1,0.81790852531874
"Represa Itarare",Polygon,1,0.064424712901487,Polygon,1,0.15215687130913
"Represa Iepe",Polygon,1,0.11929420063489,Polygon,1,0.29588978332394
"Senanayake Samudra",Polygon,1,0.0077905497187585,Polygon,1,0.0097808438116709
"Embalse de Buenda",Polygon,1,0.0083155201938134,Polygon,1,0.018158414888259
"Baidagang Shuiku",Polygon,1,0.004730019940081,Polygon,1,0.007300848987807
"Khantayskoye Vodokhranilishche",Polygon,1,0.32925860516557,Polygon,1,0.78265027545679
"Kauno marios",Polygon,1,0.0065508880696152,Polygon,1,0.01144817476714
"Supung Reservoir",Polygon,1,0.017562053884235,Polygon,1,0.034703590215015
"Lake Eyre North",Polygon,1,0.74940295669729,Polygon,1,1.0548052480458
"Lake Disappointment",Polygon,1,0.10925434067818,Polygon,1,0.11793079884926
"Lake Mackay",Polygon,1,0.31442235118544,Polygon,1,0.3912350234551
"Lake Gairdner",Polygon,1,0.4028834072292,Polygon,1,0.61799525738502
"Lake Torrens",Polygon,1,0.48681187590321,Polygon,1,0.74523152392255
"Lake Frome",Polygon,1,0.24291575754766,Polygon,1,0.25271740801188
"Lake Barlee",Polygon,1,0.19472167427778,Polygon,1,0.41618617119104
"Lake Eyre South",Polygon,1,0.11872057605045,Polygon,1,0.1296480412479
,Polygon,1,0.043551710046873,Polygon,1,0.05240393405725
,Polygon,1,0.053433736592628,Polygon,1,0.057869095282008
"Lake Amadeus",Polygon,1,0.095061334749795,Polygon,1,0.12500438384655
"Lake Carnegie",Polygon,1,0.13736645112838,Polygon,1,0.25580486574747
"Lake Moore",Polygon,1,0.12024808979468,Polygon,1,0.20653855155006
"Lake Carey",Polygon,1,0.095491206587171,Polygon,1,0.14834263187812
"Lake Everard",Polygon,1,0.1199728019843,Polygon,1,0.29317564771804
,Polygon,1,0.042390900115527,Polygon,1,0.046677001853286
,Polygon,1,0.050405007451796,Polygon,1,0.056349834826662
"Lake Neale",Polygon,1,0.040824003837507,Polygon,1,0.045097427565613
"Lake Wells",Polygon,1,0.064276887593173,Polygon,1,0.14098636412042
"Lake Ballard",Polygon,1,0.060886133752359,Polygon,1,0.069349816424303
"Lake Goongarrie",Polygon,1,0.041072300098342,Polygon,1,0.049447420532589
,Polygon,1,0.037131620513544,Polygon,1,0.043812235786006
"Lake Cowan",Polygon,1,0.083928338698662,Polygon,1,0.1136964521254
,Polygon,1,0.040776866107309,Polygon,1,0.044398202933677
"Great Salt Lake",Polygon,4,0.4416173423061,Polygon,1,0.63411712862062
"Laguna Madre",Polygon,1,0.15614806380623,Polygon,1,0.30161158993581
"Salton Sea",Polygon,1,0.08139208619312,Polygon,1,0.088050982028327
"Lago Enriquillo",Polygon,1,0.024404173408278,Polygon,1,0.025073612670875
"Goose Lake",Polygon,1,0.043425677273751,Polygon,1,0.049172597065801
"Pyramid Lake",Polygon,1,0.043140814611915,Polygon,1,0.045648747623935
"Malheur Lake",Polygon,1,0.046485535513076,Polygon,1,0.053882444222204
"Harney Lake",Polygon,1,0.018156322888203,Polygon,1,0.020410061959698
"Etang Saumâtre",Polygon,1,0.010946004834637,Polygon,1,0.012396355298581
"Aral Sea",Polygon,3,2.1186026844236,Polygon,1,3.9280060643162
"Lagoa Mirim",Polygon,1,0.3700466274912,Polygon,1,0.55469640928927
IJsselmeer,Polygon,2,0.26166725926734,Polygon,1,0.48880770897964
Syvash,Polygon,1,0.27185806394098,Polygon,1,0.54965840345958
"Ysyk Köl",Polygon,1,0.68521514555017,Polygon,1,0.76367511122865
"Lake Turkana",Polygon,1,0.62777747469803,Polygon,1,0.7968575830079
"Kaliningradskiy Zaliv",Polygon,1,0.055795822117095,Polygon,1,0.057323264395622
"Zalew Wislany",Polygon,1,0.047903978268541,Polygon,1,0.0722589554883
"Uvs Nuur",Polygon,1,0.41822431220326,Polygon,1,0.48544683043552
"Qinghai Hu",Polygon,1,0.45070593427277,Polygon,1,0.49104857127184
"Lake Razazah",Polygon,1,0.13716269309057,Polygon,1,0.16013689228048
"Dead Sea",Polygon,1,0.062278343147868,Polygon,1,0.065018711307507
"Lake Urmia",Polygon,3,0.44174751262815,Polygon,1,0.59630037034185
"Sarygamysh Köli",Polygon,1,0.4141167442575,Polygon,1,0.44317500920604
Alakol,Polygon,1,0.33076709918228,Polygon,1,0.35163355097483
"Mar Chiquita",Polygon,1,0.19775999993264,Polygon,1,0.20801660359243
"Lake Tuz",Polygon,1,0.16225499937458,Polygon,1,0.19606928636402
"Lake Van",Polygon,1,0.36280797480937,Polygon,1,0.52601657240812
"Lake Abaya",Polygon,1,0.091602300520383,Polygon,1,0.10508579916682
"Dead Sea",Polygon,1,0.018633007517384,Polygon,1,0.022744652859558
"Lake Hammar",MultiPolygon,2,0.087478702280339,Polygon,1,0.15540771749362
"Khyargas Nuur",MultiPolygon,2,0.16701029785567,Polygon,1,0.1850971060816
"Lake Assal",Polygon,1,0.0030314152982592,Polygon,1,0.0050179793181572
"Tengiz Köli",Polygon,1,0.18076877616263,Polygon,1,0.3044401825098
"Qusmuryn Köli",Polygon,1,0.061000295442691,Polygon,1,0.084859246564144
"Har Nuur",Polygon,1,0.11319467366202,Polygon,1,0.19714238011288
"Lago Poop",Polygon,1,0.13307509802497,Polygon,1,0.21730471669652
"Chew Bahir",Polygon,1,0.061239406778156,Polygon,1,0.068464180566994
"Lake Chamo",Polygon,1,0.027188938800251,Polygon,1,0.02783651450959
"Lake Abbe",Polygon,1,0.027944225611475,Polygon,1,0.029583420753937
"Lake Eyasi",Polygon,1,0.0872757674198,Polygon,1,0.10404953282843
"Lake Natron",Polygon,1,0.045035638720726,Polygon,1,0.054029529513908
"Aydar Kol",Polygon,1,0.23214907538333,Polygon,1,0.35071913525789
"Great Bitter Lake",Polygon,1,0.021144954630788,Polygon,1,0.021328446059933
"Airag Lake",Polygon,1,0.016953509253339,Polygon,1,0.019864658331963
"Qypshaq Kli",Polygon,1,0.0091389140931593,Polygon,1,0.012052146538377
"Ozero Shalkar",Polygon,1,0.013232271399674,Polygon,1,0.016069771896426
